"DOEID","REGIONC","DIVISION","REPORTABLE_DOMAIN","TYPEHUQ","NWEIGHT","HDD65","CDD65","HDD30YR","CDD30YR","Climate_Region_Pub","AIA_Zone","METROMICRO","UR","KOWNRENT","CONDCOOP","YEARMADE","YEARMADERANGE","OCCUPYYRANGE","CONVERSION","ORIG1FAM","LOOKLIKE","NUMFLRS","NUMAPTS","WALLTYPE","ROOFTYPE","STUDIO","NAPTFLRS","STORIES","TYPEHUQ4","BEDROOMS","NCOMBATH","NHAFBATH","OTHROOMS","TOTROOMS","CELLAR","CRAWL","CONCRETE","BASEFIN","FINBASERMS","BASEHEAT","BASEHT2","PCTBSTHT","BASECOOL","BASECL2","PCTBSTCL","BASEUSE","ATTIC","ATTICFIN","FINATTRMS","ATTCHEAT","ATTCHT2","PCTATTHT","ATTCCOOL","ATTCCL2","PCTATTCL","ATTICUSE","PRKGPLC1","SIZEOFGARAGE","GARGLOC","GARGHEAT","GARGCOOL","PRKGPLC2","SIZEOFDETACH","OUTLET","ZKOWNRENT","ZCONDCOOP","ZYEARMADE","ZYEARMADERANGE","ZOCCUPYYRANGE","ZCONVERSION","ZORIG1FAM","ZLOOKLIKE","ZNUMFLRS","ZNUMAPTS","ZWALLTYPE","ZROOFTYPE","ZSTUDIO","ZNAPTFLRS","ZSTORIES","ZTYPEHUQ4","ZBEDROOMS","ZNCOMBATH","ZNHAFBATH","ZOTHROOMS","ZCELLAR","ZCRAWL","ZCONCRETE","ZBASEFIN","ZFINBASERMS","ZBASEHEAT","ZBASEHT2","ZPCTBSTHT","ZBASECOOL","ZBASECL2","ZPCTBSTCL","ZBASEUSE","ZATTIC","ZATTICFIN","ZFINATTRMS","ZATTCHEAT","ZATTCHT2","ZPCTATTHT","ZATTCCOOL","ZPCTATTCL","ZATTCCL2","ZATTICUSE","ZPRKGPLC1","ZSIZEOFGARAGE","ZGARGLOC","ZGARGHEAT","ZGARGCOOL","ZPRKGPLC2","ZSIZEOFDETACH","STOVEN","STOVENFUEL","STOVE","STOVEFUEL","OVEN","OVENFUEL","OVENUSE","OVENCLN","TYPECLN","MICRO","AMTMICRO","DEFROST","OUTGRILL","OUTGRILLFUEL","TOPGRILL","STGRILA","TOASTER","NUMMEAL","FUELFOOD","COFFEE","NUMFRIG","TYPERFR1","SIZRFRI1","REFRIGT1","ICE","AGERFRI1","ESFRIG","REPLCFRI","HELPFRI","HELPFRIY","TYPERFR2","SIZRFRI2","REFRIGT2","MONRFRI2","AGERFRI2","ESFRIG2","TYPERFR3","SIZRFRI3","REFRIGT3","MONRFRI3","AGERFRI3","ESFRIG3","SEPFREEZ","NUMFREEZ","UPRTFRZR","SIZFREEZ","FREEZER","AGEFRZR","REPLCFRZ","HELPFRZ","HELPFRZY","UPRTFRZR2","SIZFREEZ2","FREEZER2","AGEFRZR2","DISHWASH","DWASHUSE","AGEDW","ESDISHW","REPLCDW","HELPDW","HELPDWY","ZSTOVEN","ZSTOVENFUEL","ZSTOVE","ZSTOVEFUEL","ZOVEN","ZOVENFUEL","ZOVENUSE","ZOVENCLN","ZTYPECLN","ZMICRO","ZAMTMICRO","ZDEFROST","ZOUTGRILL","ZOUTGRILLFUEL","ZTOPGRILL","ZSTGRILA","ZTOASTER","ZNUMMEAL","ZFUELFOOD","ZCOFFEE","ZNUMFRIG","ZTYPERFR1","ZSIZRFRI1","ZREFRIGT1","ZICE","ZAGERFRI1","ZTYPERFR2","ZSIZRFRI2","ZREFRIGT2","ZMONRFRI2","ZAGERFRI2","ZTYPERFR3","ZSIZRFRI3","ZREFRIGT3","ZMONRFRI3","ZAGERFRI3","ZSEPFREEZ","ZNUMFREEZ","ZUPRTFRZR","ZSIZFREEZ","ZFREEZER","ZAGEFRZR","ZUPRTFRZR2","ZSIZFREEZ2","ZFREEZER2","ZAGEFRZR2","ZDISHWASH","ZDWASHUSE","ZAGEDW","CWASHER","TOPFRONT","WASHLOAD","WASHTEMP","RNSETEMP","AGECWASH","ESCWASH","REPLCCW","HELPCW","HELPCWY","DRYER","DRYRFUEL","DRYRUSE","AGECDRYER","TVCOLOR","TVSIZE1","TVTYPE1","CABLESAT1","COMBODVR1","DVR1","DIGITSTB1","PLAYSTA1","COMBOVCRDVD1","VCR1","DVD1","TVAUDIOSYS1","OTHERSTB1","TVONWD1","TVONWDWATCH1","TVONWE1","TVONWEWATCH1","TVSIZE2","TVTYPE2","CABLESAT2","COMBODVR2","DVR2","DIGITSTB2","PLAYSTA2","COMBOVCRDVD2","VCR2","DVD2","TVAUDIOSYS2","OTHERSTB2","TVONWD2","TVONWDWATCH2","TVONWE2","TVONWEWATCH2","TVSIZE3","TVTYPE3","CABLESAT3","COMBODVR3","DVR3","DIGITSTB3","PLAYSTA3","COMBOVCRDVD3","VCR3","DVD3","TVAUDIOSYS3","OTHERSTB3","TVONWD3","TVONWDWATCH3","TVONWE3","TVONWEWATCH3","COMPUTER","NUMPC","PCTYPE1","MONITOR1","TIMEON1","PCONOFF1","PCSLEEP1","PCTYPE2","MONITOR2","TIMEON2","PCONOFF2","PCSLEEP2","PCTYPE3","MONITOR3","TIMEON3","PCONOFF3","PCSLEEP3","INTERNET","INDIALUP","INDSL","INCABLE","INSATEL","INWIRELESS","PCPRINT","FAX","COPIER","WELLPUMP","DIPSTICK","SWAMPCOL","AQUARIUM","STEREO","NOCORD","ANSMACH","BATTOOLS","BATCHRG","CHRGPLGT","ELECDEV","ELECCHRG","CHRGPLGE","ZCWASHER","ZTOPFRONT","ZWASHLOAD","ZWASHTEMP","ZRNSETEMP","ZAGECWASH","ZDRYER","ZDRYRFUEL","ZDRYRUSE","ZAGECDRYER","ZTVCOLOR","ZTVSIZE1","ZTVTYPE1","ZCABLESAT1","ZCOMBODVR1","ZDVR1","ZDIGITSTB1","ZPLAYSTA1","ZCOMBOVCRDVD1","ZVCR1","ZDVD1","ZTVAUDIOSYS1","ZOTHERSTB1","ZTVONWD1","ZTVONWDWATCH1","ZTVONWE1","ZTVONWEWATCH1","ZTVSIZE2","ZTVTYPE2","ZCABLESAT2","ZCOMBODVR2","ZDVR2","ZDIGITSTB2","ZPLAYSTA2","ZCOMBOVCRDVD2","ZVCR2","ZDVD2","ZTVAUDIOSYS2","ZOTHERSTB2","ZTVONWD2","ZTVONWDWATCH2","ZTVONWE2","ZTVONWEWATCH2","ZTVSIZE3","ZTVTYPE3","ZCABLESAT3","ZCOMBODVR3","ZDVR3","ZDIGITSTB3","ZPLAYSTA3","ZCOMBOVCRDVD3","ZVCR3","ZDVD3","ZTVAUDIOSYS3","ZOTHERSTB3","ZTVONWD3","ZTVONWDWATCH3","ZTVONWE3","ZTVONWEWATCH3","ZCOMPUTER","ZNUMPC","ZPCTYPE1","ZMONITOR1","ZTIMEON1","ZPCONOFF1","ZPCSLEEP1","ZPCTYPE2","ZMONITOR2","ZTIMEON2","ZPCONOFF2","ZPCSLEEP2","ZPCTYPE3","ZMONITOR3","ZTIMEON3","ZPCONOFF3","ZPCSLEEP3","ZINTERNET","ZINDIALUP","ZINDSL","ZINCABLE","ZINSATEL","ZINWIRELESS","ZPCPRINT","ZFAX","ZCOPIER","ZWELLPUMP","ZDIPSTICK","ZSWAMPCOL","ZAQUARIUM","ZSTEREO","ZNOCORD","ZANSMACH","ZBATTOOLS","ZBATCHRG","ZCHRGPLGT","ZELECDEV","ZELECCHRG","ZCHRGPLGE","HEATHOME","DNTHEAT","EQUIPNOHEAT","FUELNOHEAT","EQUIPM","FUELHEAT","MAINTHT","EQUIPAGE","REPLCHT","HELPHT","HELPHTY","HEATOTH","EQUIPAUX","REVERSE","WARMAIR","FURNFUEL","STEAMR","RADFUEL","PERMELEC","PIPELESS","PIPEFUEL","ROOMHEAT","RMHTFUEL","WOODKILN","HSFUEL","CARRYEL","CARRYKER","CHIMNEY","FPFUEL","NGFPFLUE","USENGFP","RANGE","RNGFUEL","DIFEQUIP","DIFFUEL","EQMAMT","HEATROOM","THERMAIN","NUMTHERM","PROTHERM","AUTOHEATNITE","AUTOHEATDAY","TEMPHOME","TEMPGONE","TEMPNITE","MOISTURE","USEMOISTURE","ZHEATHOME","ZDNTHEAT","ZEQUIPNOHEAT","ZFUELNOHEAT","ZEQUIPM","ZFUELHEAT","ZMAINTHT","ZEQUIPAGE","ZHEATOTH","ZFURNFUEL","ZRADFUEL","ZPIPEFUEL","ZRMHTFUEL","ZHSFUEL","ZFPFUEL","ZNGFPFLUE","ZUSENGFP","ZRNGFUEL","ZDIFFUEL","ZEQMAMT","ZHEATROOM","ZTHERMAIN","ZNUMTHERM","ZPROTHERM","ZAUTOHEATNITE","ZAUTOHEATDAY","ZTEMPHOME","ZTEMPGONE","ZTEMPNITE","ZMOISTURE","ZUSEMOISTURE","NUMH2ONOTNK","NUMH2OHTRS","H2OTYPE1","FUELH2O","WHEATOTH","WHEATSIZ","WHEATAGE","WHEATBKT","HELPWH","HELPWHY","H2OTYPE2","FUELH2O2","WHEATSIZ2","WHEATAGE2","ZNUMH2OHTRS","ZNUMH2ONOTNK","ZH2OTYPE1","ZFUELH2O","ZWHEATOTH","ZWHEATSIZ","ZWHEATAGE","ZWHEATBKT","ZH2OTYPE2","ZFUELH2O2","ZWHEATSIZ2","ZWHEATAGE2","AIRCOND","DNTAC","COOLTYPENOAC","COOLTYPE","DUCTS","CENACHP","ACOTHERS","MAINTAC","AGECENAC","REPLCCAC","HELPCAC","HELPCACY","ACROOMS","USECENAC","THERMAINAC","PROTHERMAC","AUTOCOOLNITE","AUTOCOOLDAY","TEMPHOMEAC","TEMPGONEAC","TEMPNITEAC","NUMBERAC","WWACAGE","ESWWAC","REPLCWWAC","HELPWWAC","HELPWWACY","USEWWAC","NUMCFAN","USECFAN","TREESHAD","NOTMOIST","USENOTMOIST","ZAIRCOND","ZDNTAC","ZCOOLTYPENOAC","ZCOOLTYPE","ZDUCTS","ZCENACHP","ZACOTHERS","ZMAINTAC","ZAGECENAC","ZUSECENAC","ZACROOMS","ZTHERMAINAC","ZPROTHERMAC","ZAUTOCOOLNITE","ZAUTOCOOLDAY","ZTEMPHOMEAC","ZTEMPGONEAC","ZTEMPNITEAC","ZNUMBERAC","ZWWACAGE","ZUSEWWAC","ZNUMCFAN","ZUSECFAN","ZTREESHAD","ZNOTMOIST","ZUSENOTMOIST","HIGHCEIL","CATHCEIL","SWIMPOOL","POOL","FUELPOOL","RECBATH","FUELTUB","LGT12","LGT12EE","LGT4","LGT4EE","LGT1","LGT1EE","NOUTLGTNT","LGTOEE","NGASLIGHT","INSTLCFL","HELPCFL","HELPCFLY","SLDDRS","DOOR1SUM","WINDOWS","TYPEGLASS","NEWGLASS","HELPWIN","HELPWINY","ADQINSUL","INSTLINS","AGEINS","HELPINS","HELPINSY","DRAFTY","INSTLWS","AGEWS","HELPWS","HELPWSY","AUDIT","AGEAUD","HELPAUD","HELPAUDY","ZHIGHCEIL","ZCATHCEIL","ZSWIMPOOL","ZPOOL","ZFUELPOOL","ZRECBATH","ZFUELTUB","ZLGT12","ZLGT4","ZLGT1","ZNOUTLGTNT","ZNGASLIGHT","ZSLDDRS","ZDOOR1SUM","ZWINDOWS","ZTYPEGLASS","ZNEWGLASS","ZADQINSUL","ZINSTLINS","ZAGEINS","ZDRAFTY","ZINSTLWS","ZAGEWS","ZAUDIT","ZAGEAUD","USEEL","USENG","USELP","USEFO","USEKERO","USEWOOD","USESOLAR","USEOTH","ELWARM","ELECAUX","ELCOOL","ELWATER","ELFOOD","ELOTHER","UGWARM","UGASAUX","UGWATER","UGCOOK","UGOTH","LPWARM","LPGAUX","LPWATER","LPCOOK","LPOTHER","FOWARM","FOILAUX","FOWATER","FOOTHER","KRWARM","KEROAUX","KRWATER","KROTHER","WDWARM","WOODAUX","WDWATER","WDOTHUSE","SOLWARM","SOLARAUX","SOLWATER","SOLOTHER","OTHWARM","OTHERAUX","OTHWATER","OTHCOOK","ONSITE","ONSITEGRID","PELHEAT","PELHOTWA","PELCOOK","PELAC","PELLIGHT","OTHERWAYEL","PGASHEAT","PGASHTWA","PUGCOOK","PUGOTH","OTHERWAYNG","FOPAY","OTHERWAYFO","LPGPAY","OTHERWAYLPG","LPGDELV","KERODEL","KEROCASH","NOCRCASH","NKRGALNC","WOODLOGS","WDSCRAP","WDPELLET","WDOTHER","WOODAMT","NUMCORDS","ZONSITE","ZONSITEGRID","ZPELHEAT","ZPELHOTWA","ZPELCOOK","ZPELAC","ZPELLIGHT","ZOTHERWAYEL","ZPGASHEAT","ZPGASHTWA","ZPUGCOOK","ZPUGOTH","ZOTHERWAYNG","ZFOPAY","ZOTHERWAYFO","ZLPGPAY","ZOTHERWAYLPG","ZKERODEL","ZKEROCASH","ZNOCRCASH","ZNKRGALNC","ZWOODLOGS","ZWDSCRAP","ZWDPELLET","ZWDOTHER","ZWOODAMT","ZNUMCORDS","KFUELOT","HHSEX","EMPLOYHH","SPOUSE","SDESCENT","Householder_Race","EDUCATION","NHSLDMEM","HHAGE","AGEHHMEMCAT2","AGEHHMEMCAT3","AGEHHMEMCAT4","AGEHHMEMCAT5","AGEHHMEMCAT6","AGEHHMEMCAT7","AGEHHMEMCAT8","AGEHHMEMCAT9","AGEHHMEMCAT10","AGEHHMEMCAT11","AGEHHMEMCAT12","AGEHHMEMCAT13","AGEHHMEMCAT14","HBUSNESS","ATHOME","TELLWORK","TELLDAYS","OTHWORK","WORKPAY","RETIREPY","SSINCOME","CASHBEN","INVESTMT","RGLRPAY","MONEYPY","POVERTY100","POVERTY150","HUPROJ","RENTHELP","FOODASST","ZHHSEX","ZHHAGE","ZEMPLOYHH","ZSPOUSE","ZSDESCENT","ZHouseholder_Race","ZEDUCATION","ZNHSLDMEM","ZAGEHHMEMCAT2","ZAGEHHMEMCAT3","ZAGEHHMEMCAT4","ZAGEHHMEMCAT5","ZAGEHHMEMCAT6","ZAGEHHMEMCAT7","ZAGEHHMEMCAT8","ZAGEHHMEMCAT9","ZAGEHHMEMCAT10","ZAGEHHMEMCAT11","ZAGEHHMEMCAT12","ZAGEHHMEMCAT13","ZAGEHHMEMCAT14","ZHBUSNESS","ZATHOME","ZTELLWORK","ZTELLDAYS","ZOTHWORK","ZWORKPAY","ZRETIREPY","ZSSINCOME","ZCASHBEN","ZINVESTMT","ZRGLRPAY","ZMONEYPY","ZHUPROJ","ZRENTHELP","ZFOODASST","TOTSQFT","TOTSQFT_EN","TOTHSQFT","TOTUSQFT","TOTCSQFT","TOTUCSQFT","ZTOTSQFT","ZTOTSQFT_EN","ZTOTHSQFT","ZTOTUSQFT","ZTOTCSQFT","ZTOTUCSQFT","KWH","KWHSPH","KWHCOL","KWHWTH","KWHRFG","KWHOTH","BTUEL","BTUELSPH","BTUELCOL","BTUELWTH","BTUELRFG","BTUELOTH","DOLLAREL","DOLELSPH","DOLELCOL","DOLELWTH","DOLELRFG","DOLELOTH","CUFEETNG","CUFEETNGSPH","CUFEETNGWTH","CUFEETNGOTH","BTUNG","BTUNGSPH","BTUNGWTH","BTUNGOTH","DOLLARNG","DOLNGSPH","DOLNGWTH","DOLNGOTH","GALLONLP","GALLONLPSPH","GALLONLPWTH","GALLONLPOTH","BTULP","BTULPSPH","BTULPWTH","BTULPOTH","DOLLARLP","DOLLPSPH","DOLLPWTH","DOLLPOTH","GALLONFO","GALLONFOSPH","GALLONFOWTH","GALLONFOOTH","BTUFO","BTUFOSPH","BTUFOWTH","BTUFOOTH","DOLLARFO","DOLFOSPH","DOLFOWTH","DOLFOOTH","GALLONKER","GALLONKERSPH","GALLONKERWTH","GALLONKEROTH","BTUKER","BTUKERSPH","BTUKERWTH","BTUKEROTH","DOLLARKER","DOLKERSPH","DOLKERWTH","DOLKEROTH","BTUWOOD","CORDSWD","TOTALBTU","TOTALBTUSPH","TOTALBTUCOL","TOTALBTUWTH","TOTALBTURFG","TOTALBTUOTH","TOTALDOL","TOTALDOLSPH","TOTALDOLCOL","TOTALDOLWTH","TOTALDOLRFG","TOTALDOLOTH","KAVALEL","PERIODEL","SCALEEL","KAVALNG","PERIODNG","SCALENG","PERIODLP","SCALELP","PERIODFO","SCALEFO","PERIODKR","SCALEKER","IECC_Climate_Pub","HDD50","CDD80","GND_HDD65","WSF","OA_LAT","GWT","DesignDBT99","DesignDBT1"
00001,2,4,12,2,2471.68,4742,1080,4953,1271,4,3,"METRO","U",1,-2,2004,7,8,-2,-2,-2,-2,-2,1,5,-2,-2,20,-2,4,1,2,5,9,1,0,0,1,1,1,2,3,1,2,3,1,0,-2,-2,-2,-2,-2,-2,-2,-2,-2,1,2,2,0,0,-2,-2,1,0,0,0,0,0,0,0,0,0,0,0,0,0,0,0,0,0,0,0,0,0,0,0,0,0,0,0,0,0,0,0,0,0,0,0,0,0,0,0,0,0,0,0,0,0,0,0,0,0,1,5,0,-2,0,-2,3,1,1,1,3,1,1,2,0,-2,0,4,5,1,2,21,4,2,1,3,1,-2,-2,-2,21,4,2,12,3,1,-2,-2,-2,-2,-2,-2,0,-2,-2,-2,-2,-2,-2,-2,-2,-2,-2,-2,-2,1,13,3,1,-2,-2,-2,0,0,0,0,0,0,0,0,0,0,0,0,0,0,0,0,0,0,0,0,0,0,0,0,0,0,0,0,0,0,0,0,0,0,0,0,0,0,0,0,0,0,0,0,0,0,0,0,0,1,2,2,3,3,2,1,1,0,-2,1,5,1,1,4,3,2,1,1,-2,0,1,0,0,1,1,0,3,4,3,4,3,4,1,1,-2,0,0,0,0,0,0,0,2,-2,2,-2,3,3,0,-2,0,0,0,0,0,1,0,0,3,-2,2,-2,1,2,1,1,3,0,1,1,1,3,0,1,-2,-2,-2,-2,-2,1,0,1,0,0,1,1,0,0,0,-2,-2,0,0,1,1,1,2,0,1,2,0,0,0,0,0,0,0,0,0,0,0,0,0,0,0,0,0,0,0,0,0,0,0,0,0,0,0,0,0,0,0,0,0,0,0,0,0,0,0,0,0,0,0,0,0,0,0,0,0,0,0,0,0,0,0,0,0,0,0,0,0,0,0,0,0,0,0,0,0,0,0,0,0,0,0,0,0,0,0,0,0,0,0,0,0,0,0,0,0,0,0,0,0,0,0,0,0,0,0,1,-2,-2,-2,3,5,0,3,-2,-2,-2,0,0,0,0,-2,0,-2,0,0,-2,0,-2,0,-2,0,0,0,-2,-2,-2,0,-2,0,-2,-2,9,1,2,1,1,1,68,66,68,0,-2,0,0,0,0,0,0,0,0,0,0,0,0,0,0,0,0,0,0,0,0,0,0,0,0,0,0,0,0,0,0,0,0,1,1,5,0,3,3,0,-2,-2,-2,-2,-2,-2,0,0,0,0,0,0,0,0,0,0,0,0,1,-2,-2,1,-2,0,0,1,3,-2,0,-2,9,3,1,1,1,1,74,78,73,-2,-2,-2,-2,-2,-2,-2,3,3,0,0,-2,0,0,0,0,0,0,0,0,0,0,0,0,0,0,0,0,0,0,0,0,0,0,0,0,0,0,0,-2,0,-2,-2,0,-2,3,3,2,2,2,2,0,-2,-2,1,0,-2,1,1,41,2,3,-2,-2,1,1,2,0,-2,4,0,-2,-2,-2,0,-2,-2,-2,0,0,0,0,0,0,0,0,0,0,0,0,0,0,0,0,0,0,0,0,0,0,0,0,0,1,0,1,0,0,0,0,0,1,0,1,1,1,1,0,0,0,0,0,0,0,0,0,1,0,0,0,0,0,0,0,0,0,0,0,0,0,0,0,0,0,0,0,0,0,-2,1,1,1,1,1,-2,-2,-2,-2,-2,-2,-2,-2,-2,-2,-2,-2,-2,-2,-2,-2,-2,-2,-2,-2,-2.00,0,0,0,0,0,0,0,0,0,0,0,0,0,0,0,0,0,0,0,0,0,0,0,0,0,0,0,0,1,1,1,0,1,5,4,35,8,1,1,-2,-2,-2,-2,-2,-2,-2,-2,-2,-2,0,0,0,-2,0,1,0,0,0,0,0,23,0,0,-2,-2,0,0,0,0,0,0,0,0,0,0,0,0,0,0,0,0,0,0,0,0,0,0,0,0,0,0,0,0,0,0,0,0,0,0,0,0,0,5075,4675,3958,1118,3958,1118,0,0,0,0,0,0,18466,3186.71,3068.80,2968.45,1515.50,7726.55,63006,10873.05,10470.73,10128.35,5170.90,26362.97,1315,226.93,218.54,211.39,107.92,550.22,0,0.00,0.00,0.00,0,0.00,0.00,0.00,0,0.00,0.00,0.00,0,0.00,0.00,0.00,0,0.00,0.00,0.00,0,0.00,0.00,0.00,0,0.00,0.000,0.000,0,0.00,0.00,0.00,0,0.00,0.00,0.00,0,0,0,0,0,0.00,0,0.00,0,0.00,0,0.00,0,0.00,63006,10873,10471,10128,5171,26363,1315,227,219,211,108,550,1,1,0,-2,-2,-2,-2,-2,-2,-2,-2,-2,"4A",2117,56,4250,0.48,6,56,9,96
00002,4,10,26,2,8599.17,2662,199,2688,143,5,4,"METRO","U",2,-2,1998,6,8,-2,-2,-2,-2,-2,2,2,-2,-2,31,-2,3,2,1,1,4,0,0,0,-2,-2,-2,-2,-2,-2,-2,-2,-2,0,-2,-2,-2,-2,-2,-2,-2,-2,-2,1,2,3,0,0,-2,-2,1,0,0,0,0,0,0,0,0,0,0,0,0,0,0,0,0,0,0,0,0,0,0,0,0,0,0,0,0,0,0,0,0,0,0,0,0,0,0,0,0,0,0,0,0,0,0,0,0,0,1,1,0,-2,0,-2,4,1,2,1,3,1,1,21,0,-2,0,4,1,1,1,21,4,2,1,41,-2,-2,-2,-2,-2,-2,-2,-2,-2,-2,-2,-2,-2,-2,-2,-2,0,-2,-2,-2,-2,-2,-2,-2,-2,-2,-2,-2,-2,0,-2,-2,-2,-2,-2,-2,0,0,0,0,0,0,0,0,0,0,0,0,0,0,0,0,0,0,0,0,0,0,0,0,0,0,0,0,0,0,0,0,0,0,0,0,0,0,0,0,0,0,0,0,0,0,0,0,0,1,1,2,3,3,2,1,0,-2,-2,1,1,1,3,2,3,2,1,0,0,0,1,1,0,0,0,0,2,4,4,4,2,2,1,0,0,1,0,0,0,0,0,0,2,-2,2,-2,-2,-2,-2,-2,-2,-2,-2,-2,-2,-2,-2,-2,-2,-2,-2,-2,1,2,1,1,3,1,-2,2,-2,2,1,-2,-2,-2,-2,-2,-2,1,0,0,1,0,1,1,0,0,0,-2,0,0,0,0,0,0,-2,-2,2,2,0,0,0,0,0,0,0,0,0,0,0,0,0,0,0,0,0,0,0,0,0,0,0,0,0,0,0,0,0,0,0,0,0,0,0,0,0,0,0,0,0,0,0,0,0,0,0,0,0,0,0,0,0,0,0,0,0,0,0,0,0,0,0,0,0,0,0,0,0,0,0,0,0,0,0,0,0,0,0,0,0,0,0,0,0,0,0,0,0,0,0,0,0,0,0,0,0,0,0,1,-2,-2,-2,3,1,0,41,-2,-2,-2,0,1,0,0,-2,0,-2,0,0,-2,0,-2,0,-2,0,0,1,7,-2,-2,0,-2,0,-2,1,4,1,1,0,-2,-2,70,70,73,0,-2,0,0,0,0,0,0,0,0,0,0,0,0,0,0,0,0,0,0,0,0,0,0,0,0,0,0,0,0,0,0,0,0,1,1,1,0,3,41,0,-2,-2,-2,-2,-2,-2,0,0,0,0,0,1,0,0,0,0,0,0,1,-2,-2,1,-2,0,0,0,41,-2,-2,-2,4,1,1,0,-2,-2,-2,-2,-2,-2,-2,-2,-2,-2,-2,-2,0,-2,0,0,-2,0,0,0,0,0,1,0,0,0,0,0,0,0,0,0,0,0,0,0,0,0,0,0,0,0,0,1,1,0,-2,-2,0,-2,0,-2,0,-2,0,-2,0,-2,-2,-2,-2,-2,0,0,41,2,3,-2,-2,3,0,-2,-2,-2,1,0,-2,-2,-2,0,-2,-2,-2,0,0,0,0,0,0,0,0,0,0,0,0,0,0,0,0,0,0,0,0,0,0,0,0,0,1,1,0,0,0,1,0,1,0,0,1,0,0,1,1,0,1,1,1,0,0,0,0,0,0,0,0,0,0,0,0,0,1,1,0,0,0,0,0,0,0,0,0,0,0,-2,-2,-2,-2,1,1,-2,1,1,1,1,-2,-2,-2,-2,-2,-2,-2,-2,-2,-2,0,0,0,1,2,-2.00,0,0,0,0,0,0,0,0,0,0,0,0,0,0,0,0,0,0,0,0,0,0,0,0,0,1,0,0,1,1,0,0,2,2,6,40,4,4,3,2,1,-2,-2,-2,-2,-2,-2,-2,-2,0,1,0,-2,0,1,0,0,0,0,0,9,0,1,0,1,0,0,0,0,0,0,0,0,0,0,0,0,0,0,0,0,0,0,0,0,0,0,0,0,0,0,0,0,0,0,0,0,0,0,0,0,0,3136,2736,2736,400,2736,400,1,1,1,1,1,1,5148,0.00,182.00,0.00,1310.22,3655.78,17565,0.00,620.98,0.00,4470.48,12473.54,475,0.00,16.79,0.00,120.89,337.32,838,376.64,293.76,167.60,85895,38605.96,30109.97,17179.07,818,367.65,286.75,163.60,0,0.00,0.00,0.00,0,0.00,0.00,0.00,0,0.00,0.00,0.00,0,0.00,0.000,0.000,0,0.00,0.00,0.00,0,0.00,0.00,0.00,0,0,0,0,0,0.00,0,0.00,0,0.00,0,0.00,20000,1.00,103460,38606,621,30110,4470,29653,1293,368,17,287,121,501,1,1,0,1,1,0,-2,-2,-2,-2,-2,-2,"3C",62,26,2393,0.61,0,64,38,73
00003,1,1,1,5,8969.92,6233,505,5741,829,1,2,"METRO","U",2,-2,1965,3,7,-2,-2,-2,2,8,1,-2,0,1,-2,-2,1,1,0,1,2,-2,-2,-2,-2,-2,-2,-2,-2,-2,-2,-2,-2,-2,-2,-2,-2,-2,-2,-2,-2,-2,-2,-2,-2,-2,-2,-2,-2,-2,1,0,0,0,0,0,0,0,0,0,0,0,0,0,0,0,0,0,0,0,0,0,0,0,0,0,0,0,0,0,0,0,0,0,0,0,0,0,0,0,0,0,0,0,0,0,0,0,0,0,1,1,0,-2,0,-2,3,1,2,1,2,0,0,-2,0,-2,0,3,1,0,1,22,3,2,0,3,0,-2,-2,-2,-2,-2,-2,-2,-2,-2,-2,-2,-2,-2,-2,-2,0,-2,-2,-2,-2,-2,-2,-2,-2,-2,-2,-2,-2,0,-2,-2,-2,-2,-2,-2,0,0,0,0,0,0,0,0,0,0,0,0,0,0,0,0,0,0,0,0,0,0,0,0,0,0,0,0,0,0,0,0,0,0,0,0,0,0,0,0,0,0,0,0,0,0,0,0,0,0,-2,-2,-2,-2,-2,-2,-2,-2,-2,0,-2,-2,-2,1,2,1,0,-2,0,0,0,1,0,0,0,0,2,-2,3,-2,-2,-2,-2,-2,-2,-2,-2,-2,-2,-2,-2,-2,-2,-2,-2,-2,-2,-2,-2,-2,-2,-2,-2,-2,-2,-2,-2,-2,-2,-2,-2,-2,1,1,1,1,2,1,-2,-2,-2,-2,-2,-2,-2,-2,-2,-2,-2,1,0,1,0,0,0,1,0,0,-2,-2,-2,0,1,1,1,0,-2,-2,1,2,0,0,0,0,0,0,0,0,0,0,0,0,0,0,0,0,0,0,0,0,0,0,0,0,0,0,0,0,0,0,0,0,0,0,0,0,0,0,0,0,0,0,0,0,0,0,0,0,0,0,0,0,0,0,0,0,0,0,0,0,0,0,0,0,0,0,0,0,0,0,0,0,0,0,0,0,0,0,0,0,0,0,0,0,0,0,0,0,0,0,0,0,0,0,0,0,0,0,0,1,-2,-2,-2,2,1,0,2,0,-2,-2,1,0,0,0,-2,0,-2,0,0,-2,0,-2,0,-2,0,0,0,-2,-2,-2,0,-2,0,-2,-2,2,1,1,0,-2,-2,68,60,65,0,-2,0,0,0,0,0,0,0,0,0,0,0,0,0,0,0,0,0,0,0,0,0,0,0,0,0,0,0,0,0,0,0,0,1,1,1,1,3,5,0,-2,-2,-2,-2,-2,-2,0,0,0,0,0,1,0,1,0,0,0,0,1,-2,-2,2,-2,-2,-2,-2,-2,-2,-2,-2,-2,-2,-2,-2,-2,-2,-2,-2,-2,1,3,0,-2,-2,-2,2,1,2,1,0,-2,0,0,0,0,0,0,0,0,0,0,0,0,0,0,0,0,0,0,0,0,0,0,0,0,0,0,0,-2,-2,-2,-2,0,-2,0,-2,2,2,2,2,-2,-2,-2,1,0,-2,0,0,20,1,3,-2,-2,2,0,-2,-2,-2,4,0,-2,-2,-2,0,-2,-2,-2,0,0,0,0,0,0,0,0,0,0,0,0,0,0,0,0,0,0,0,0,0,0,0,0,0,1,1,0,0,0,0,0,0,0,0,1,0,0,1,1,0,1,1,0,0,0,0,0,0,0,0,0,0,0,0,0,0,0,0,0,0,0,0,0,0,0,0,0,0,0,-2,-2,-2,-2,-2,1,-2,2,2,2,-2,-2,-2,-2,-2,-2,-2,-2,-2,-2,-2,-2,-2,-2,-2,-2,-2.00,0,0,0,0,0,0,0,0,0,0,0,0,0,0,0,0,0,0,0,0,0,0,0,0,0,0,0,0,1,1,0,0,1,6,1,45,-2,-2,-2,-2,-2,-2,-2,-2,-2,-2,-2,-2,-2,0,0,0,-2,0,1,0,0,0,0,0,18,0,0,0,0,0,0,0,0,0,0,0,0,0,0,0,0,0,0,0,0,0,0,0,0,0,0,0,0,0,0,0,0,0,0,0,0,0,0,0,0,0,528,528,528,0,264,264,0,0,0,0,0,0,2218,0.00,184.46,0.00,915.66,1117.88,7568,0.00,629.39,0.00,3124.32,3814.29,588,0.00,48.90,0.00,242.75,296.35,499,392.66,77.39,28.94,51148,40248.23,7932.98,2966.80,739,581.52,114.62,42.87,0,0.00,0.00,0.00,0,0.00,0.00,0.00,0,0.00,0.00,0.00,0,0.00,0.000,0.000,0,0.00,0.00,0.00,0,0.00,0.00,0.00,0,0,0,0,0,0.00,0,0.00,0,0.00,0,0.00,0,0.00,58716,40248,629,7933,3124,6781,1327,582,49,115,243,339,1,1,0,3,5,3,-2,-2,-2,-2,-2,-2,"5A",2346,49,5654,0.48,3,52,12,88
00004,2,3,7,2,18003.64,6034,672,5781,868,1,2,"METRO","U",1,-2,1985,5,5,-2,-2,-2,-2,-2,6,5,-2,-2,10,-2,3,2,1,4,7,0,1,0,-2,-2,-2,-2,-2,-2,-2,-2,-2,0,-2,-2,-2,-2,-2,-2,-2,-2,-2,1,2,2,0,0,-2,-2,1,0,0,0,0,0,0,0,0,0,0,0,0,0,0,0,0,0,0,0,0,0,0,0,0,0,0,0,0,0,0,0,0,0,0,0,0,0,0,0,0,0,0,0,0,0,0,0,0,0,0,-2,1,5,1,5,4,1,2,1,1,0,1,1,1,5,0,2,5,1,2,22,4,2,0,2,1,1,0,-2,22,3,2,12,5,-2,-2,-2,-2,-2,-2,-2,0,-2,-2,-2,-2,-2,-2,-2,-2,-2,-2,-2,-2,1,20,2,-9,1,0,-2,0,0,0,0,0,0,0,0,0,0,0,0,0,0,0,0,0,0,0,0,0,0,0,0,0,0,0,0,0,0,0,0,0,0,0,0,0,0,0,0,0,0,0,0,0,0,0,0,0,1,1,2,2,3,1,1,1,1,5,1,5,1,1,5,3,1,1,0,0,0,0,0,1,1,0,0,4,-2,3,-2,1,1,1,0,0,0,0,0,0,0,0,0,3,-2,3,-2,1,1,1,0,0,0,0,0,0,0,0,0,2,-2,2,-2,1,2,1,1,2,0,1,2,-2,2,1,-2,-2,-2,-2,-2,-2,1,0,0,1,0,1,0,1,0,0,-2,-2,0,1,1,1,0,-2,-2,1,2,1,0,0,0,0,0,0,0,0,0,0,0,0,0,0,1,1,0,0,0,0,0,0,0,0,0,0,0,0,0,0,0,0,0,0,0,0,0,0,0,0,0,0,0,0,0,0,0,0,0,0,0,0,0,0,0,0,0,0,0,0,0,0,0,0,0,0,0,0,0,0,0,0,0,0,0,0,0,0,0,0,0,0,0,0,0,0,0,0,0,0,0,0,0,0,0,0,0,0,1,-2,-2,-2,3,1,1,3,-2,0,-2,0,0,0,0,-2,0,-2,0,0,-2,0,-2,0,-2,0,0,0,-2,-2,-2,0,-2,0,-2,-2,7,1,1,0,-2,-2,55,55,55,1,5,0,0,0,0,0,0,0,0,0,0,0,0,0,0,0,0,0,0,0,0,0,0,0,0,0,0,0,0,0,0,0,0,1,1,5,0,3,2,0,-2,-2,-2,-2,-2,-2,0,0,0,0,0,0,0,0,0,0,0,0,1,-2,-2,1,-2,0,0,0,2,1,0,-2,7,3,1,0,-2,-2,74,74,68,-2,-2,-2,-2,-2,-2,-2,1,1,0,0,-2,0,0,0,0,0,0,0,0,0,0,0,0,0,0,0,0,0,0,0,0,0,0,0,0,0,0,0,-2,0,-2,-2,0,-2,0,-2,1,0,0,-2,0,-2,-2,-2,-2,-2,1,2,41,2,3,-2,-2,1,0,-2,-2,-2,4,0,-2,-2,-2,0,-2,-2,-2,0,0,0,0,0,0,0,0,0,0,0,0,0,0,0,0,0,0,0,0,0,0,0,0,0,1,1,0,0,0,0,0,0,0,0,1,1,1,1,1,0,0,0,1,0,0,0,0,0,0,0,0,0,0,0,0,0,0,0,0,0,0,0,0,0,0,0,0,0,0,-2,-2,1,1,1,1,-2,1,-2,-2,-2,-2,-2,-2,-2,-2,-2,-2,-2,-2,-2,-2,-2,-2,-2,-2,-2.00,0,0,0,0,0,0,0,0,0,0,0,0,0,0,0,0,0,0,0,0,0,0,0,0,0,0,0,0,1,0,0,0,1,2,1,75,-2,-2,-2,-2,-2,-2,-2,-2,-2,-2,-2,-2,-2,0,1,0,-2,0,0,1,0,0,1,0,10,0,0,-2,-2,0,0,0,0,0,0,0,0,0,0,0,0,0,0,0,0,0,0,0,0,0,0,0,0,0,0,0,0,0,0,0,0,0,0,0,0,0,2023,1623,1623,400,1623,400,0,0,0,0,0,0,10015,0.00,1063.02,1887.53,1670.53,5393.91,34171,0.00,3627.01,6440.22,5699.83,18403.93,952,0.00,101.05,179.42,158.80,512.73,412,392.15,0.00,19.85,42230,40195.58,0.00,2034.42,446,424.51,0.00,21.49,0,0.00,0.00,0.00,0,0.00,0.00,0.00,0,0.00,0.00,0.00,0,0.00,0.000,0.000,0,0.00,0.00,0.00,0,0.00,0.00,0.00,0,0,0,0,0,0.00,0,0.00,0,0.00,0,0.00,0,0.00,76401,40196,3627,6440,5700,20438,1398,425,101,179,159,534,3,5,3,3,5,3,-2,-2,-2,-2,-2,-2,"5A",2746,0,4941,0.55,4,55,7,87
00005,1,1,1,3,5999.61,5388,702,5313,797,1,3,"METRO","U",1,1,1983,5,5,-2,-2,-2,-2,-2,2,5,-2,-2,20,-2,2,1,1,3,5,1,0,0,0,-2,0,-2,-2,0,-2,-2,1,0,-2,-2,-2,-2,-2,-2,-2,-2,-2,0,-2,-2,-2,-2,1,1,0,0,0,0,0,0,0,0,0,0,0,0,0,0,0,0,0,0,0,0,0,0,0,0,0,0,0,0,0,0,0,0,0,0,0,0,0,0,0,0,0,0,0,0,0,0,0,0,0,0,1,5,0,-2,0,-2,4,0,-2,1,3,0,1,2,0,-2,0,4,5,1,1,22,3,2,0,2,1,1,0,-2,-2,-2,-2,-2,-2,-2,-2,-2,-2,-2,-2,-2,0,-2,-2,-2,-2,-2,-2,-2,-2,-2,-2,-2,-2,1,30,2,1,1,0,-2,0,0,0,0,0,0,0,0,0,0,0,0,0,0,0,0,0,0,0,0,0,0,0,0,0,0,0,0,0,0,0,0,0,0,0,0,0,0,0,0,0,0,0,0,0,0,0,0,0,1,1,2,2,3,2,1,1,0,-2,1,5,1,2,2,3,2,1,1,-2,0,0,1,0,0,0,0,2,-2,3,-2,3,2,1,1,-2,0,0,1,0,0,0,0,1,-2,1,-2,-2,-2,-2,-2,-2,-2,-2,-2,-2,-2,-2,-2,-2,-2,-2,-2,1,2,1,1,2,1,-2,2,-2,1,1,-2,-2,-2,-2,-2,-2,1,0,1,0,0,1,1,0,0,0,-2,-2,0,0,0,1,0,-2,-2,1,2,0,0,0,0,0,0,0,0,0,0,0,0,0,0,0,0,0,0,0,0,0,0,0,0,0,0,0,0,0,0,0,0,0,0,0,0,0,0,0,0,0,0,0,0,0,0,0,0,0,0,0,0,0,0,0,0,0,0,0,0,0,0,0,0,0,0,0,0,0,0,0,0,0,0,0,0,0,0,0,0,0,0,0,0,0,0,0,0,0,0,0,0,0,0,0,0,0,0,0,1,-2,-2,-2,3,1,1,1,1,0,-2,0,0,0,0,-2,0,-2,0,0,-2,0,-2,0,-2,0,0,0,-2,-2,-2,0,-2,0,-2,-2,5,1,1,0,-2,-2,70,70,70,0,-2,0,0,0,0,0,0,0,0,0,0,0,0,0,0,0,0,0,0,0,0,0,0,0,0,0,0,0,0,0,0,0,0,1,1,1,0,2,3,0,-2,-2,-2,-2,-2,-2,0,0,0,0,0,0,0,0,0,0,0,0,0,1,1,-2,-2,-2,-2,-2,-2,-2,-2,-2,-2,-2,-2,-2,-2,-2,-2,-2,-2,-2,-2,-2,-2,-2,-2,-2,0,-2,0,0,-2,0,0,0,0,0,0,0,0,0,0,0,0,0,0,0,0,0,0,0,0,0,0,0,0,0,0,0,-2,0,-2,-2,0,-2,0,-2,0,-2,2,2,0,-2,-2,1,0,-2,1,1,30,2,1,0,-2,2,0,-2,-2,-2,4,1,41,-2,-2,0,-2,-2,-2,0,0,0,0,0,0,0,0,0,0,0,0,0,0,0,0,0,0,0,0,0,0,0,0,0,1,1,1,0,0,0,0,0,0,0,0,0,1,1,1,0,1,0,0,0,0,0,0,1,0,0,0,0,0,0,0,0,0,0,0,0,0,0,0,0,0,0,0,0,0,-2,-2,-2,1,-2,1,-2,1,1,-2,-2,-2,-2,-2,-2,-2,-2,-2,-2,-2,-2,-2,-2,-2,-2,-2,-2.00,0,0,0,0,0,0,0,0,0,0,0,0,0,0,0,0,0,0,0,0,0,0,0,0,0,0,0,0,1,1,0,0,1,5,1,40,-2,-2,-2,-2,-2,-2,-2,-2,-2,-2,-2,-2,-2,0,0,0,-2,0,1,0,0,0,0,0,20,0,0,-2,-2,0,0,1,0,0,0,0,0,0,0,0,0,0,0,0,0,0,0,0,0,0,0,0,0,0,0,0,0,0,0,0,0,0,0,0,0,0,1912,1912,1274,637,0,1912,0,0,0,0,0,0,2869,0.00,0.00,0.00,346.47,2522.53,9789,0.00,0.00,0.00,1182.14,8606.86,705,0.00,0.00,0.00,85.14,619.86,488,352.55,135.45,0.00,50020,36136.28,13883.72,0.00,853,616.24,236.76,0.00,0,0.00,0.00,0.00,0,0.00,0.00,0.00,0,0.00,0.00,0.00,0,0.00,0.000,0.000,0,0.00,0.00,0.00,0,0.00,0.00,0.00,0,0,0,0,0,0.00,0,0.00,0,0.00,0,0.00,0,0.00,59809,36136,0,13884,1182,8607,1558,616,0,237,85,620,1,1,0,1,1,0,-2,-2,-2,-2,-2,-2,"5A",2251,0,5426,0.61,4,50,13,90
00006,2,4,10,2,4232.49,8866,270,8708,436,1,1,"METRO","U",1,-2,1920,1,5,-2,-2,-2,-2,-2,4,6,-2,-2,20,-2,3,1,0,3,6,1,1,0,0,-2,1,1,-2,0,-2,-2,1,0,-2,-2,-2,-2,-2,-2,-2,-2,-2,0,-2,-2,-2,-2,1,2,1,0,0,0,0,0,0,0,0,0,0,0,0,0,0,0,0,0,0,0,0,0,0,0,0,0,0,0,0,0,0,0,0,0,0,0,0,0,0,0,0,0,0,0,0,0,0,0,0,0,1,1,0,-2,0,-2,3,1,2,1,3,0,1,2,0,-2,0,3,1,1,1,22,4,2,0,3,0,-2,-2,-2,-2,-2,-2,-2,-2,-2,-2,-2,-2,-2,-2,-2,1,2,1,2,2,1,1,0,-2,2,2,2,41,0,-2,-2,-2,-2,-2,-2,0,0,0,0,0,0,0,0,0,0,0,0,0,0,0,0,0,0,0,0,0,0,0,0,0,0,0,0,0,0,0,0,0,0,0,0,0,0,0,0,0,0,0,0,0,0,0,0,0,1,2,2,1,1,2,1,1,0,-2,1,5,1,2,1,2,1,2,1,-2,0,0,0,0,1,0,0,4,-2,3,-2,-2,-2,-2,-2,-2,-2,-2,-2,-2,-2,-2,-2,-2,-2,-2,-2,-2,-2,-2,-2,-2,-2,-2,-2,-2,-2,-2,-2,-2,-2,-2,-2,1,2,2,-2,2,1,-2,1,0,2,1,-2,-2,-2,-2,-2,-2,1,0,0,1,0,1,1,0,1,0,0,-2,0,0,1,0,0,-2,-2,1,1,-2,0,0,0,0,0,0,0,0,0,0,0,0,0,0,0,0,0,0,0,0,0,0,0,0,0,0,0,0,0,0,0,0,0,0,0,0,0,0,0,0,0,0,0,0,0,0,0,0,0,0,0,0,0,0,0,0,0,0,0,0,0,0,0,0,0,0,0,0,0,0,0,0,0,0,0,0,0,0,0,0,0,0,0,0,0,0,0,0,0,0,0,0,0,0,0,0,0,0,1,-2,-2,-2,3,1,1,41,-2,0,-2,0,0,0,0,-2,0,-2,0,0,-2,0,-2,0,-2,0,0,0,-2,-2,-2,0,-2,0,-2,-2,6,1,1,1,1,1,66,66,66,0,-2,0,0,0,0,0,0,0,0,0,0,0,0,0,0,0,0,0,0,0,0,0,0,0,0,0,0,0,0,0,0,0,0,1,1,1,0,2,41,0,-2,-2,-2,-2,-2,-2,0,0,0,0,0,0,0,0,0,0,0,0,1,-2,-2,1,-2,0,0,1,41,-2,0,-2,3,2,1,1,1,1,65,65,65,-2,-2,-2,-2,-2,-2,-2,1,1,1,0,-2,0,0,0,0,0,0,0,0,0,0,0,0,0,0,0,0,0,0,0,0,0,0,0,0,0,0,1,0,0,-2,-2,0,-2,0,-2,4,2,3,3,1,1,0,1,0,-2,0,0,30,1,2,0,-2,2,1,42,-2,-2,4,1,3,-2,-2,0,-2,-2,-2,0,0,0,0,0,0,0,0,0,0,0,0,0,0,0,0,0,0,0,0,0,0,0,0,0,1,1,1,0,0,0,0,0,0,0,1,0,0,1,1,0,1,1,0,0,0,0,0,1,0,0,0,0,0,0,0,0,0,0,0,0,0,0,0,0,0,0,0,0,0,-2,-2,-2,-2,1,1,-2,1,1,1,-2,-2,-2,-2,-2,-2,-2,-2,-2,-2,-2,-2,-2,-2,-2,-2,-2.00,0,0,0,0,0,0,0,0,0,0,0,0,0,0,0,0,0,0,0,0,0,0,0,0,0,0,0,0,2,1,1,0,1,4,2,57,11,-2,-2,-2,-2,-2,-2,-2,-2,-2,-2,-2,-2,1,0,0,-2,0,1,0,0,0,0,0,6,0,1,-2,-2,0,0,0,0,0,0,0,0,0,0,0,0,0,0,0,0,0,0,0,0,0,0,0,0,0,0,0,0,0,0,0,0,0,0,0,0,0,3485,3485,3485,0,1538,1946,0,0,0,0,0,0,6387,0.00,274.53,0.00,920.45,5192.02,21792,0.00,936.68,0.00,3140.52,17714.80,1050,0.00,45.13,0.00,151.32,853.55,903,722.93,138.57,41.50,92558,74100.45,14203.93,4253.62,856,685.30,131.36,39.34,0,0.00,0.00,0.00,0,0.00,0.00,0.00,0,0.00,0.00,0.00,0,0.00,0.000,0.000,0,0.00,0.00,0.00,0,0.00,0.00,0.00,0,0,0,0,0,0.00,0,0.00,0,0.00,0,0.00,0,0.00,114350,74100,937,14204,3141,21968,1906,685,45,131,151,893,1,1,0,1,1,0,-2,-2,-2,-2,-2,-2,"6A-6B",5219,3,8420,0.58,0,49,-9,84
00007,1,2,3,2,7862.34,5213,749,5355,796,4,3,"METRO","U",1,-2,1922,1,5,-2,-2,-2,-2,-2,3,6,-2,-2,20,-2,4,2,1,3,7,1,1,0,0,-2,1,2,3,0,-2,-2,1,0,-2,-2,-2,-2,-2,-2,-2,-2,-2,0,-2,-2,-2,-2,0,-2,1,0,0,0,0,0,0,0,0,0,0,0,0,0,0,0,0,0,0,0,0,0,0,0,0,0,0,0,0,0,0,0,0,0,0,0,0,0,0,0,0,0,0,0,0,0,0,0,0,0,1,1,0,-2,0,-2,4,1,2,1,2,1,1,2,0,-2,1,3,1,1,2,22,3,2,0,3,1,-2,-2,-2,22,4,2,12,41,-2,-2,-2,-2,-2,-2,-2,0,-2,-2,-2,-2,-2,-2,-2,-2,-2,-2,-2,-2,1,20,1,1,1,0,-2,0,0,0,0,0,0,0,0,0,0,0,0,0,0,0,0,0,0,0,0,0,0,0,0,0,0,0,0,0,0,0,0,0,0,0,0,0,0,0,0,0,0,0,0,0,0,0,0,0,1,2,3,2,3,41,-2,-2,-2,-2,1,1,1,3,4,3,4,0,-2,0,1,1,0,1,1,0,0,2,3,3,3,3,4,0,-2,1,1,1,0,1,1,1,0,2,4,3,4,1,2,0,-2,0,1,0,0,0,0,0,0,2,-2,1,-2,1,2,1,1,3,0,1,1,1,1,0,1,-2,-2,-2,-2,-2,1,0,1,0,0,1,2,1,0,0,0,-2,0,1,1,1,2,2,1,3,3,2,0,0,0,0,0,0,0,0,0,0,0,0,0,0,0,0,0,0,0,0,0,0,0,0,0,0,0,0,0,0,0,0,0,0,0,0,0,0,0,0,0,0,0,0,0,0,0,0,0,0,0,0,0,0,0,0,0,0,0,0,0,0,0,0,0,0,0,0,0,0,0,0,0,0,0,0,0,0,0,0,0,0,0,0,0,0,0,0,0,0,0,0,0,0,0,0,0,0,1,-2,-2,-2,2,1,1,42,-2,0,-2,0,1,0,0,-2,0,-2,0,0,-2,0,-2,0,-2,1,0,1,7,-2,-2,0,-2,0,-2,1,7,1,3,1,1,1,67,62,62,0,-2,0,0,0,0,0,0,0,0,0,0,0,0,0,0,0,0,0,0,0,0,0,0,0,0,0,0,0,0,0,0,0,0,1,1,1,0,2,1,0,-2,-2,-2,-2,-2,-2,0,0,0,0,0,0,0,0,0,0,0,0,1,-2,-2,1,0,0,0,0,41,-2,-2,-2,7,3,1,1,1,1,75,80,75,-2,-2,-2,-2,-2,-2,-2,5,3,0,1,2,0,0,0,0,0,0,0,0,0,0,0,0,0,0,0,0,0,0,0,0,0,0,0,0,0,0,1,0,0,-2,-2,1,5,0,-2,4,4,3,2,2,2,0,1,0,-2,1,1,50,2,3,-2,-2,3,1,3,-2,-2,3,1,2,0,-2,0,-2,-2,-2,0,0,0,0,0,0,0,0,0,0,0,0,0,0,0,0,0,0,0,0,0,0,0,0,0,1,1,1,0,0,1,0,0,1,1,1,0,0,1,1,0,1,1,1,0,0,0,0,1,0,0,0,0,0,0,0,0,1,1,0,0,0,0,0,0,0,0,0,0,0,-2,1,-2,-2,1,1,-2,1,1,1,1,-2,-2,-2,-2,-2,-2,-2,-2,-2,-2,1,0,0,0,1,-2.00,0,0,0,0,0,0,0,0,0,0,0,0,0,0,0,0,0,0,0,0,0,0,0,0,0,0,0,0,2,1,1,0,1,5,4,54,11,4,4,-2,-2,-2,-2,-2,-2,-2,-2,-2,-2,0,1,1,12,0,1,0,0,0,1,0,24,0,0,-2,-2,0,0,0,0,0,0,0,0,0,0,0,0,0,0,0,0,0,0,0,0,0,0,0,0,0,0,0,0,0,0,0,0,0,0,0,0,0,2654,2654,2296,358,1938,716,0,0,0,0,0,0,11821,468.77,1224.71,0.00,1605.02,8522.50,40333,1599.45,4178.70,0.00,5476.28,29078.58,2444,96.92,253.21,0.00,331.84,1762.03,1077,668.38,226.14,182.48,110393,68509.44,23179.57,18703.99,1860,1154.31,390.55,315.14,0,0.00,0.00,0.00,0,0.00,0.00,0.00,0,0.00,0.00,0.00,0,0.00,0.000,0.000,0,0.00,0.00,0.00,0,0.00,0.00,0.00,0,0,0,0,0,0.00,0,0.00,0,0.00,0,0.00,10000,0.50,150726,70109,4179,23180,5476,47783,4304,1251,253,391,332,2077,1,1,0,1,1,0,-2,-2,-2,-2,-2,-2,"4A",2133,25,4550,0.51,4,53,14,86
00008,3,5,17,2,6297.04,1086,2647,1070,2554,3,5,"METRO","U",1,-2,1975,4,8,-2,-2,-2,-2,-2,7,6,-2,-2,10,-2,3,2,0,3,6,0,0,1,-2,-2,-2,-2,-2,-2,-2,-2,-2,0,-2,-2,-2,-2,-2,-2,-2,-2,-2,1,2,2,0,0,-2,-2,1,0,0,0,0,0,0,0,0,0,0,0,0,0,0,0,0,0,0,0,0,0,0,0,0,0,0,0,0,0,0,0,0,0,0,0,0,0,0,0,0,0,0,0,0,0,0,0,0,0,1,5,0,-2,0,-2,1,0,-2,0,-2,-2,1,2,0,-2,0,1,5,0,1,23,3,2,0,3,1,-2,-2,-2,-2,-2,-2,-2,-2,-2,-2,-2,-2,-2,-2,-2,0,-2,-2,-2,-2,-2,-2,-2,-2,-2,-2,-2,-2,0,-2,-2,-2,-2,-2,-2,0,0,0,0,0,0,0,0,0,0,0,0,0,0,0,0,0,0,0,0,0,0,0,0,0,0,0,0,0,0,0,0,0,0,0,0,0,0,0,0,0,0,0,0,0,0,0,0,0,1,1,3,3,3,3,1,-2,-2,-2,1,5,1,3,2,2,1,1,0,0,0,0,1,0,0,0,0,3,-2,3,-2,1,2,0,-2,0,0,0,0,0,0,0,0,1,-2,1,-2,-2,-2,-2,-2,-2,-2,-2,-2,-2,-2,-2,-2,-2,-2,-2,-2,1,2,2,-2,5,0,1,2,-2,5,0,1,-2,-2,-2,-2,-2,1,0,0,1,0,1,1,0,0,1,-2,-2,0,0,0,0,1,2,0,1,2,1,0,0,0,0,0,0,0,0,0,0,0,0,0,0,0,0,0,0,0,0,0,0,0,0,0,0,0,0,0,0,0,0,0,0,0,0,0,0,0,0,0,0,0,0,0,0,0,0,0,0,0,0,0,0,0,0,0,0,0,0,0,0,0,0,0,0,0,0,0,0,0,0,0,0,0,0,0,0,0,0,0,0,0,0,0,0,0,0,0,0,0,0,0,0,0,0,0,0,1,-2,-2,-2,4,5,0,3,-2,-2,-2,0,1,0,0,-2,0,-2,0,0,-2,0,-2,0,-2,1,0,0,-2,-2,-2,0,-2,0,-2,1,6,1,1,1,0,0,77,65,77,0,-2,0,0,0,0,0,0,0,0,0,0,0,0,0,0,0,0,0,0,0,0,0,0,0,0,0,0,0,0,0,0,0,0,1,1,5,0,2,3,0,-2,-2,-2,-2,-2,-2,0,0,0,0,0,0,0,0,0,0,0,0,1,-2,-2,1,-2,1,0,0,3,-2,-2,-2,6,3,1,1,1,1,75,85,75,-2,-2,-2,-2,-2,-2,-2,5,1,0,0,-2,0,0,0,0,0,0,0,0,0,0,0,0,0,0,0,0,0,0,0,0,0,0,0,0,0,0,0,-2,0,-2,-2,0,-2,0,-2,0,-2,1,0,0,-2,-2,-2,-2,-2,1,5,20,1,3,-2,-2,3,0,-2,-2,-2,1,0,-2,-2,-2,0,-2,-2,-2,0,0,0,0,0,0,0,0,0,0,0,0,0,0,0,0,0,0,0,0,0,0,0,0,0,1,0,1,0,0,0,0,0,1,1,1,1,1,1,0,0,0,0,0,0,0,0,0,1,0,0,0,0,0,0,0,0,0,0,0,0,0,0,0,0,0,0,0,0,0,-2,1,1,1,1,1,-2,-2,-2,-2,-2,-2,-2,-2,-2,-2,-2,-2,-2,-2,-2,-2,-2,-2,-2,-2,-2.00,0,0,0,0,0,0,0,0,0,0,0,0,0,0,0,0,0,0,0,0,0,0,0,0,0,0,0,0,2,1,1,1,1,4,6,37,8,4,1,1,1,-2,-2,-2,-2,-2,-2,-2,-2,1,1,0,-2,0,1,0,0,0,0,0,16,0,0,-2,-2,1,0,0,0,0,0,1,0,0,0,0,0,0,0,0,0,0,0,0,0,0,0,0,0,0,0,0,0,0,0,0,0,0,0,0,0,0,2352,1952,1952,400,1952,400,0,0,0,0,0,0,22928,1661.21,6129.16,4527.44,743.23,9866.96,78230,5668.03,20912.58,15447.54,2535.88,33665.85,2622,189.96,700.88,517.72,84.99,1128.30,0,0.00,0.00,0.00,0,0.00,0.00,0.00,0,0.00,0.00,0.00,0,0.00,0.00,0.00,0,0.00,0.00,0.00,0,0.00,0.00,0.00,0,0.00,0.000,0.000,0,0.00,0.00,0.00,0,0.00,0.00,0.00,0,0,0,0,0,0.00,0,0.00,0,0.00,0,0.00,0,0.00,78230,5668,20913,15448,2536,33666,2622,190,701,518,85,1128,1,1,0,-2,-2,-2,-2,-2,-2,-2,-2,-2,"1A-2A",129,69,148,0.35,21,70,43,95
00009,1,2,5,3,12156.72,4826,1027,5381,912,4,3,"METRO","U",1,-2,1920,1,6,-2,-2,-2,-2,-2,2,5,-2,-2,20,-2,3,1,0,4,7,1,0,0,0,-2,0,-2,-2,0,-2,-2,1,1,0,-2,0,-2,-2,0,-2,-2,1,0,-2,-2,-2,-2,0,-2,1,0,0,0,0,0,0,0,0,0,0,0,0,0,0,0,0,0,0,0,0,0,0,0,0,0,0,0,0,0,0,0,0,0,0,0,0,0,0,0,0,0,0,0,0,0,0,0,0,0,1,1,0,-2,0,-2,0,1,2,1,4,0,0,-2,0,-2,1,3,1,0,1,21,4,2,1,41,-2,-2,-2,-2,-2,-2,-2,-2,-2,-2,-2,-2,-2,-2,-2,-2,0,-2,-2,-2,-2,-2,-2,-2,-2,-2,-2,-2,-2,0,-2,-2,-2,-2,-2,-2,0,0,0,0,0,0,0,0,0,0,0,0,0,0,0,0,0,0,0,0,0,0,0,0,0,0,0,0,0,0,0,0,0,0,0,0,0,0,0,0,0,0,0,0,0,0,0,0,0,1,1,2,3,3,3,0,-2,-2,-2,1,5,1,3,2,3,2,0,-2,0,0,0,1,0,0,0,0,3,-2,2,-2,1,1,0,-2,0,1,0,1,0,0,0,0,1,-2,1,-2,-2,-2,-2,-2,-2,-2,-2,-2,-2,-2,-2,-2,-2,-2,-2,-2,0,0,-2,-2,-2,-2,-2,-2,-2,-2,-2,-2,-2,-2,-2,-2,-2,-2,-2,-2,-2,-2,-2,-2,0,0,0,-2,-2,0,0,1,1,0,-2,-2,1,2,0,0,0,0,0,0,0,0,0,0,0,0,0,0,0,0,0,0,0,0,0,0,0,0,0,0,0,0,0,0,0,0,0,0,0,0,0,0,0,0,0,0,0,0,0,0,0,0,0,0,0,0,0,0,0,0,0,0,0,0,0,0,0,0,0,0,0,0,0,0,0,0,0,0,0,0,0,0,0,0,0,0,0,0,0,0,0,0,0,0,0,0,0,0,0,0,0,0,0,1,-2,-2,-2,4,5,0,1,1,3,4,0,1,0,0,-2,0,-2,0,0,-2,0,-2,0,-2,0,0,0,-2,-2,-2,0,-2,1,1,1,7,1,1,1,0,0,68,68,68,0,-2,0,0,0,0,0,0,0,0,0,0,0,0,0,0,0,0,0,0,0,0,0,0,0,0,0,0,1,0,0,0,0,0,1,1,5,0,2,1,1,0,-2,-2,-2,-2,-2,0,0,0,0,0,0,0,0,0,0,0,0,1,-2,-2,1,-2,1,0,0,1,1,3,4,7,1,1,1,0,0,-2,-2,-2,-2,-2,-2,-2,-2,-2,-2,0,-2,0,0,-2,0,0,0,0,0,0,0,0,0,0,0,0,0,0,0,0,0,0,0,0,0,0,0,0,0,0,0,-2,0,-2,-2,0,-2,0,-2,0,-2,0,-2,0,-2,-2,-2,-2,-2,0,0,42,2,1,0,-2,1,1,2,0,-2,4,1,1,0,-2,0,-2,-2,-2,0,0,0,0,0,0,0,0,0,0,0,0,0,0,0,0,0,0,0,0,0,0,0,0,0,1,1,0,0,0,0,0,0,1,0,1,1,0,1,1,1,0,1,0,0,0,0,0,0,0,0,0,0,0,0,0,0,0,0,0,0,0,0,0,0,0,0,0,0,0,-2,1,1,-2,1,1,-2,1,-2,1,-2,-2,-2,-2,-2,-2,-2,-2,-2,-2,-2,-2,-2,-2,-2,-2,-2.00,0,0,0,0,0,0,0,0,0,0,0,0,0,0,0,0,0,0,0,0,0,0,0,0,0,0,0,0,1,2,0,0,1,3,1,47,-2,-2,-2,-2,-2,-2,-2,-2,-2,-2,-2,-2,-2,0,0,0,-2,0,1,0,0,0,0,1,10,0,0,-2,-2,0,0,0,0,0,0,0,0,0,0,0,0,0,0,0,0,0,0,0,0,0,0,0,0,0,0,0,0,0,0,0,0,0,0,0,0,0,1635,1635,1117,518,1117,518,0,0,0,0,0,0,9130,3205.46,401.15,1397.10,1563.80,2562.49,31152,10937.19,1368.73,4766.98,5335.76,8743.34,1240,435.35,54.48,189.75,212.39,348.03,210,183.51,0.00,26.49,21525,18810.15,0.00,2714.85,391,341.69,0.00,49.32,0,0.00,0.00,0.00,0,0.00,0.00,0.00,0,0.00,0.00,0.00,0,0.00,0.000,0.000,0,0.00,0.00,0.00,0,0.00,0.00,0.00,0,0,0,0,0,0.00,0,0.00,0,0.00,0,0.00,0,0.00,52677,29747,1369,4767,5336,11458,1631,777,54,190,212,397,1,1,0,1,1,0,-2,-2,-2,-2,-2,-2,"4A",2367,35,4670,0.47,5,55,16,90
00010,2,4,12,2,3242.22,4687,1205,4755,1467,4,3,"METRO","U",1,-2,1955,2,7,-2,-2,-2,-2,-2,3,6,-2,-2,10,-2,3,1,1,4,7,1,1,0,1,1,0,-2,-2,0,-2,-2,1,0,-2,-2,-2,-2,-2,-2,-2,-2,-2,0,-2,-2,-2,-2,1,2,1,0,0,0,0,0,0,0,0,0,0,0,0,0,0,0,0,0,0,0,0,0,0,0,0,0,0,0,0,0,0,0,0,0,0,0,0,0,0,0,0,0,0,0,0,0,0,0,0,0,1,5,0,-2,0,-2,5,1,2,1,4,1,1,21,0,-2,0,3,5,1,1,22,3,2,0,41,-2,-2,-2,-2,-2,-2,-2,-2,-2,-2,-2,-2,-2,-2,-2,-2,0,-2,-2,-2,-2,-2,-2,-2,-2,-2,-2,-2,-2,1,13,2,1,1,0,-2,0,0,0,0,0,0,0,0,0,0,0,0,0,0,0,0,0,0,0,0,0,0,0,0,0,0,0,0,0,0,0,0,0,0,0,0,0,0,0,0,0,0,0,0,0,0,0,0,0,1,1,2,3,3,5,-2,-2,-2,-2,1,5,1,3,2,3,2,2,1,-2,0,1,0,0,1,1,0,2,0,3,0,2,1,0,-2,0,0,0,0,0,0,0,0,2,-2,2,-2,-2,-2,-2,-2,-2,-2,-2,-2,-2,-2,-2,-2,-2,-2,-2,-2,1,1,1,1,1,1,-2,-2,-2,-2,-2,-2,-2,-2,-2,-2,-2,1,0,1,0,0,0,1,0,0,0,-2,-2,0,1,1,1,1,2,0,0,-2,-2,0,0,0,0,0,0,0,0,0,0,0,0,0,0,0,0,0,0,0,0,0,0,0,0,0,0,0,0,0,0,0,0,0,0,0,0,0,0,0,0,0,0,0,0,0,0,0,0,0,0,0,0,0,0,0,0,0,0,0,0,0,0,0,0,0,0,0,0,0,0,0,0,0,0,0,0,0,0,0,0,0,0,0,0,0,0,0,0,0,0,0,0,0,0,0,0,0,0,1,-2,-2,-2,3,1,1,41,-2,0,-2,0,1,0,0,-2,0,-2,0,0,-2,0,-2,0,-2,1,0,0,-2,-2,-2,0,-2,0,-2,1,7,1,1,1,1,1,68,62,62,0,-2,0,0,0,0,0,0,0,0,0,0,0,0,0,0,0,0,0,0,0,0,0,0,0,0,0,0,0,0,0,0,0,0,1,1,1,0,1,41,1,0,-2,-2,-2,-2,-2,0,0,0,0,0,0,0,0,0,0,0,0,1,-2,-2,1,-2,0,0,1,41,-2,0,-2,6,2,1,1,1,1,70,70,70,-2,-2,-2,-2,-2,-2,-2,6,3,1,0,-2,0,0,0,0,0,0,0,0,0,0,0,0,0,0,0,0,0,0,0,0,0,0,0,0,0,0,0,-2,0,-2,-2,0,-2,0,-2,0,-2,2,2,0,-2,-2,1,0,-2,0,0,41,2,2,0,-2,2,1,3,-2,-2,3,1,3,-2,-2,0,-2,-2,-2,0,0,0,0,0,0,0,0,0,0,0,0,0,0,0,0,0,0,0,0,0,0,0,0,0,1,1,1,0,0,0,0,1,1,1,1,0,1,1,1,0,1,0,0,0,0,0,0,1,0,0,0,0,0,0,0,0,0,0,0,0,0,0,0,0,0,0,0,0,0,-2,1,-2,1,1,1,-2,1,1,-2,-2,-2,-2,-2,1,-2,0,-2,-2,-2,-2,-2,-2,-2,-2,-2,-2.00,0,0,0,0,0,0,0,0,0,0,0,0,0,0,0,0,0,0,0,0,0,0,0,0,0,0,0,0,2,1,0,0,1,3,1,52,-2,-2,-2,-2,-2,-2,-2,-2,-2,-2,-2,-2,-2,0,0,0,-2,0,1,0,0,0,0,0,13,0,0,-2,-2,0,0,0,0,0,0,0,0,0,0,0,0,0,0,0,0,0,0,0,0,0,0,0,0,0,0,0,0,0,0,0,0,0,0,0,0,0,2390,2390,1365,1025,1170,1220,0,0,0,0,0,0,7474,521.53,1080.53,0.00,926.62,4945.32,25501,1779.44,3686.72,0.00,3161.59,16873.25,655,45.71,94.69,0.00,81.21,433.39,426,315.05,110.95,0.00,43665,32292.80,11372.20,0.00,733,542.10,190.90,0.00,0,0.00,0.00,0.00,0,0.00,0.00,0.00,0,0.00,0.00,0.00,0,0.00,0.000,0.000,0,0.00,0.00,0.00,0,0.00,0.00,0.00,0,0,0,0,0,0.00,0,0.00,0,0.00,0,0.00,0,0.00,69166,34072,3687,11372,3162,16873,1388,588,95,191,81,433,1,1,0,1,1,0,-2,-2,-2,-2,-2,-2,"4A",2024,67,4345,0.47,6,58,10,89
00011,4,10,26,4,8812.43,830,1405,1335,613,2,4,"METRO","U",2,-2,1950,2,7,2,1,1,-2,-2,1,1,0,1,-2,-2,2,1,0,1,3,0,0,0,-2,-2,-2,-2,-2,-2,-2,-2,-2,0,-2,-2,-2,-2,-2,-2,-2,-2,-2,-2,-2,-2,-2,-2,-2,-2,1,0,0,0,0,0,0,1,1,0,0,0,0,0,0,0,0,0,0,0,0,0,0,0,0,0,0,0,0,0,0,0,0,0,0,0,0,0,0,0,0,0,0,0,0,0,0,0,0,0,1,1,0,-2,0,-2,4,0,-2,1,3,0,0,-2,0,-2,0,4,1,1,1,22,4,2,0,3,0,-2,-2,-2,-2,-2,-2,-2,-2,-2,-2,-2,-2,-2,-2,-2,0,-2,-2,-2,-2,-2,-2,-2,-2,-2,-2,-2,-2,1,13,3,0,-2,-2,-2,0,0,0,0,0,0,0,0,0,0,0,0,0,0,0,0,0,0,0,0,0,0,0,0,0,0,0,0,0,0,0,0,0,0,0,0,0,0,0,0,0,0,0,0,0,0,0,0,0,0,-2,-2,-2,-2,-2,-2,-2,-2,-2,0,-2,-2,-2,1,2,1,2,0,0,0,0,1,0,0,0,0,3,-2,3,-2,-2,-2,-2,-2,-2,-2,-2,-2,-2,-2,-2,-2,-2,-2,-2,-2,-2,-2,-2,-2,-2,-2,-2,-2,-2,-2,-2,-2,-2,-2,-2,-2,0,0,-2,-2,-2,-2,-2,-2,-2,-2,-2,-2,-2,-2,-2,-2,-2,-2,-2,-2,-2,-2,-2,-2,0,0,-2,-2,0,0,1,0,0,1,2,0,1,2,0,0,0,0,0,0,0,0,0,0,0,0,0,0,0,0,0,0,0,0,0,0,0,0,0,0,0,0,0,0,0,0,0,0,0,0,0,0,0,0,0,0,0,0,0,0,0,0,0,0,0,0,0,0,0,0,0,0,0,0,0,0,0,0,0,0,0,0,0,0,0,0,0,0,0,0,0,0,0,0,0,0,0,0,0,0,0,0,0,0,0,0,0,0,0,0,0,0,0,1,-2,-2,-2,7,1,0,41,-2,-2,-2,0,0,0,0,-2,0,-2,0,0,-2,0,-2,0,-2,0,0,0,-2,-2,-2,0,-2,0,-2,-2,1,1,1,0,-2,-2,70,70,70,0,-2,0,0,0,0,0,0,0,0,0,0,0,0,0,0,0,0,0,0,0,0,0,0,0,0,0,0,0,0,0,0,0,0,1,1,1,0,2,41,0,-2,-2,-2,-2,-2,-2,0,0,0,0,0,0,0,0,0,0,0,0,0,2,-2,-2,-2,-2,-2,-2,-2,-2,-2,-2,-2,-2,-2,-2,-2,-2,-2,-2,-2,-2,-2,-2,-2,-2,-2,-2,1,2,1,0,-2,0,0,0,0,0,0,0,0,0,0,0,0,0,0,0,0,0,0,0,0,0,0,0,0,0,0,0,-2,-2,-2,-2,0,-2,0,-2,2,2,2,2,-2,-2,-2,1,0,-2,0,0,20,1,3,-2,-2,1,0,-2,-2,-2,4,0,-2,-2,-2,0,-2,-2,-2,0,0,0,0,0,0,0,0,0,0,0,0,0,0,0,0,0,0,0,0,0,0,0,0,0,1,1,0,0,0,0,0,0,0,0,0,0,0,1,1,0,1,1,0,0,0,0,0,0,0,0,0,0,0,0,0,0,0,0,0,0,0,0,0,0,0,0,0,0,0,-2,-2,-2,-2,-2,1,-2,1,1,1,-2,-2,-2,-2,-2,-2,-2,-2,-2,-2,-2,-2,-2,-2,-2,-2,-2.00,0,0,0,0,0,0,0,0,0,0,0,0,0,0,0,0,0,0,0,0,0,0,0,0,0,0,0,0,2,1,0,0,2,3,1,61,-2,-2,-2,-2,-2,-2,-2,-2,-2,-2,-2,-2,-2,0,0,0,-2,0,1,0,0,0,0,0,10,0,0,0,0,0,0,0,0,0,0,0,0,0,0,0,0,0,0,0,0,0,0,0,0,0,0,0,0,0,0,0,0,0,0,0,0,0,0,0,0,0,731,731,244,487,0,731,0,0,0,0,0,0,2750,0.00,0.00,0.00,1313.01,1437.00,9383,0.00,0.00,0.00,4479.97,4903.03,373,0.00,0.00,0.00,178.09,194.91,365,202.66,127.33,35.01,37413,20772.58,13051.81,3588.61,388,215.43,135.36,37.22,0,0.00,0.00,0.00,0,0.00,0.00,0.00,0,0.00,0.00,0.00,0,0.00,0.000,0.000,0,0.00,0.00,0.00,0,0.00,0.00,0.00,0,0,0,0,0,0.00,0,0.00,0,0.00,0,0.00,0,0.00,46796,20773,0,13052,4480,8492,761,215,0,135,178,232,1,1,0,1,1,0,-2,-2,-2,-2,-2,-2,"3B-4B",19,19,908,0.39,1,61,46,88
00012,1,2,4,2,15489.57,4732,1034,4668,1437,4,3,"METRO","U",1,-2,1968,3,6,-2,-2,-2,-2,-2,2,6,-2,-2,20,-2,3,1,1,4,7,1,0,0,1,1,1,1,-2,0,-2,-2,1,1,0,-2,0,-2,-2,0,-2,-2,1,1,1,1,0,0,-2,-2,0,0,0,0,0,0,0,0,0,0,0,0,0,0,0,0,0,0,0,0,0,0,0,0,0,0,0,0,0,0,0,0,0,0,0,0,0,0,0,0,0,0,0,0,0,0,0,0,0,0,1,1,0,-2,0,-2,6,1,2,1,3,0,1,2,0,-2,0,3,1,1,2,22,4,2,0,3,1,-2,-2,-2,22,4,2,12,5,-2,-2,-2,-2,-2,-2,-2,0,-2,-2,-2,-2,-2,-2,-2,-2,-2,-2,-2,-2,1,20,3,1,-2,-2,-2,0,0,0,0,0,0,0,0,0,0,0,0,0,0,0,0,0,0,0,0,0,0,0,0,0,0,0,0,0,0,0,0,0,0,0,0,0,0,0,0,0,0,0,0,0,0,0,0,0,1,2,4,2,3,2,1,1,0,-2,1,1,1,2,2,2,2,2,1,-2,0,0,0,0,1,0,0,3,-2,5,-2,2,1,2,1,-2,0,0,0,0,1,0,0,2,-2,2,-2,-2,-2,-2,-2,-2,-2,-2,-2,-2,-2,-2,-2,-2,-2,-2,-2,1,5,1,1,3,0,1,1,1,5,0,1,1,1,2,1,-2,1,0,1,0,0,1,5,0,0,0,-2,-2,0,1,1,1,2,2,0,3,2,0,0,0,0,0,0,0,0,0,0,0,0,0,0,0,0,0,0,0,0,0,0,0,0,0,0,0,0,0,0,0,0,0,0,0,0,0,0,0,0,0,0,0,0,0,0,0,0,0,0,0,0,0,0,0,0,0,0,0,0,0,0,0,0,0,0,0,0,0,0,0,0,0,0,0,0,0,0,0,0,0,0,0,0,0,0,0,0,0,0,0,0,0,0,0,0,0,0,0,1,-2,-2,-2,3,1,0,41,-2,-2,-2,0,0,0,0,-2,0,-2,0,0,-2,0,-2,0,-2,0,0,0,-2,-2,-2,0,-2,0,-2,-2,7,1,1,1,1,0,69,69,65,0,-2,0,0,0,0,0,0,0,0,0,0,0,0,0,0,0,0,0,0,0,0,0,0,0,0,0,0,0,0,0,0,0,0,1,1,1,0,3,41,1,0,-2,-2,-2,-2,-2,0,0,0,0,0,0,0,0,0,0,0,0,1,-2,-2,1,-2,0,0,1,3,-2,0,-2,7,2,1,1,0,0,73,73,73,-2,-2,-2,-2,-2,-2,-2,5,3,0,0,-2,0,0,0,0,0,0,0,0,0,0,0,0,0,0,0,0,0,0,0,0,0,0,0,0,0,0,0,-2,0,-2,-2,0,-2,0,-2,3,3,0,-2,0,-2,-2,1,0,-2,0,0,50,2,1,0,-2,2,1,3,-2,-2,4,1,1,0,-2,0,-2,-2,-2,0,0,0,0,0,0,0,0,0,0,0,0,0,0,0,0,0,0,0,0,0,0,0,0,0,1,1,1,0,0,0,0,0,0,0,1,0,0,1,1,0,1,1,1,0,0,0,0,1,0,0,0,0,0,0,0,0,0,0,0,0,0,0,0,0,0,0,0,0,0,-2,-2,-2,-2,1,1,-2,1,1,1,1,-2,-2,-2,1,-2,0,-2,-2,-2,-2,-2,-2,-2,-2,-2,-2.00,0,0,0,0,0,0,0,0,0,0,0,0,0,0,0,0,0,0,0,0,0,0,0,0,0,0,0,0,2,1,1,0,1,6,3,48,12,4,-2,-2,-2,-2,-2,-2,-2,-2,-2,-2,-2,1,0,0,-2,0,1,0,0,0,0,0,24,0,0,-2,-2,0,0,0,0,0,0,0,0,0,0,0,0,0,0,0,0,0,0,0,0,0,0,0,0,0,0,0,0,0,0,0,0,0,0,0,0,0,2185,1935,1935,250,1456,728,0,0,0,0,0,0,11807,0.00,1343.90,0.00,2297.20,8165.91,40285,0.00,4585.32,0.00,7837.94,27861.74,2154,0.00,245.17,0.00,419.09,1489.74,995,523.72,289.15,182.13,101988,53681.73,29637.61,18668.66,1512,795.85,439.39,276.77,0,0.00,0.00,0.00,0,0.00,0.00,0.00,0,0.00,0.00,0.00,0,0.00,0.000,0.000,0,0.00,0.00,0.00,0,0.00,0.00,0.00,0,0,0,0,0,0.00,0,0.00,0,0.00,0,0.00,0,0.00,142273,53682,4585,29638,7838,46530,3666,796,245,439,419,1767,1,1,0,1,1,0,-2,-2,-2,-2,-2,-2,"4A",1886,40,4388,0.53,5,51,18,89
00013,4,10,27,2,7951.52,6,3890,8,3895,3,5,"METRO","U",2,-2,1950,2,8,-2,-2,-2,-2,-2,2,5,-2,-2,10,-2,3,2,0,3,6,0,1,0,-2,-2,-2,-2,-2,-2,-2,-2,-2,0,-2,-2,-2,-2,-2,-2,-2,-2,-2,0,-2,-2,-2,-2,1,4,1,0,0,0,0,0,0,0,0,0,0,0,0,0,0,0,0,0,0,0,0,0,0,0,0,0,0,0,0,0,0,0,0,0,0,0,0,0,0,0,0,0,0,0,0,0,0,0,0,0,1,5,0,-2,0,-2,6,1,1,1,1,1,1,2,0,-2,1,4,5,1,1,22,4,2,0,3,0,-2,-2,-2,-2,-2,-2,-2,-2,-2,-2,-2,-2,-2,-2,-2,0,-2,-2,-2,-2,-2,-2,-2,-2,-2,-2,-2,-2,0,-2,-2,-2,-2,-2,-2,0,0,0,0,0,0,0,1,1,0,0,0,0,0,0,0,0,0,0,0,0,0,0,0,0,0,0,0,0,0,0,0,0,0,0,0,0,0,0,0,0,0,0,0,0,0,0,0,0,1,2,2,2,3,3,-9,-2,-2,-2,1,5,1,3,4,2,1,1,0,0,1,1,0,1,1,0,0,3,2,4,2,3,1,1,0,0,0,0,0,0,0,0,0,1,-2,2,-2,1,1,1,0,0,0,0,0,0,0,0,0,1,-2,1,-2,1,4,2,-2,2,0,1,2,-2,2,0,1,2,-2,3,0,1,1,0,0,1,0,1,1,1,1,0,-2,-2,0,1,1,1,1,2,0,2,2,1,0,0,0,0,0,0,0,0,0,0,0,0,0,0,0,0,0,0,0,0,0,0,0,0,0,0,0,0,0,0,0,0,0,0,0,0,0,0,0,0,0,0,0,0,0,0,0,0,0,0,0,0,0,0,0,0,0,0,0,0,0,0,0,0,0,0,0,0,0,0,0,0,0,0,0,0,0,0,0,0,0,0,0,0,0,0,0,0,0,0,0,0,0,0,0,0,0,0,0,2,-2,-2,-2,-2,-2,-2,-2,-2,-2,-2,-2,-2,-2,-2,-2,-2,-2,-2,-2,-2,-2,-2,-2,-2,-2,-2,-2,-2,-2,-2,-2,-2,-2,-2,-2,-2,-2,-2,-2,-2,-2,-2,-2,0,-2,0,0,0,0,0,0,0,0,0,0,0,0,0,0,0,0,0,0,0,0,0,0,0,0,0,0,0,0,0,0,0,0,1,1,5,0,2,3,0,-2,-2,-2,-2,-2,-2,0,0,0,0,0,0,0,0,0,0,0,0,0,2,-2,-2,-2,-2,-2,-2,-2,-2,-2,-2,-2,-2,-2,-2,-2,-2,-2,-2,-2,-2,-2,-2,-2,-2,-2,-2,6,2,0,0,-2,0,0,0,0,0,0,0,0,0,0,0,0,0,0,0,0,0,0,0,0,0,0,0,0,0,0,0,-2,0,-2,-2,1,5,0,-2,2,-9,6,-9,0,-2,-2,-2,-2,-2,1,1,42,1,3,-2,-2,3,0,-2,-2,-2,4,0,-2,-2,-2,0,-2,-2,-2,0,0,0,0,0,0,0,0,0,0,0,0,0,0,0,0,0,0,0,0,0,0,0,0,0,1,0,1,0,0,0,0,0,0,0,0,1,1,1,0,0,0,0,0,0,0,0,0,1,0,0,0,0,0,0,0,0,0,0,0,0,0,0,0,0,0,0,0,0,0,-2,-2,1,1,-2,1,-2,-2,-2,-2,-2,-2,-2,-2,1,-2,0,-2,-2,-2,-2,-2,-2,-2,-2,-2,-2.00,0,0,0,0,0,0,0,0,0,0,0,0,0,0,0,0,0,0,0,0,0,0,0,0,0,0,0,0,2,1,0,0,1,1,2,54,4,-2,-2,-2,-2,-2,-2,-2,-2,-2,-2,-2,-2,1,0,1,30,0,1,0,0,0,0,0,15,0,0,0,0,0,0,0,0,0,0,0,0,0,0,0,0,0,0,0,0,0,0,0,0,0,0,0,0,0,0,0,0,0,0,0,0,0,0,0,0,0,1387,1387,0,1387,0,1387,0,0,0,0,0,0,9775,0.00,0.00,1730.52,1142.42,6902.07,33352,0.00,0.00,5904.47,3897.89,23549.63,2112,0.00,0.00,373.90,246.83,1491.27,0,0.00,0.00,0.00,0,0.00,0.00,0.00,0,0.00,0.00,0.00,0,0.00,0.00,0.00,0,0.00,0.00,0.00,0,0.00,0.00,0.00,0,0.00,0.000,0.000,0,0.00,0.00,0.00,0,0.00,0.00,0.00,0,0,0,0,0,0.00,0,0.00,0,0.00,0,0.00,0,0.00,33352,0,0,5904,3898,23550,2112,0,0,374,247,1491,1,1,0,-2,-2,-2,-2,-2,-2,-2,-2,-2,"1A-2A",13,55,17,0.33,22,79,64,81
00014,3,5,15,5,7118.12,2395,2139,2180,2252,4,5,"METRO","U",2,-2,1980,5,8,-2,-2,-2,2,8,3,-2,0,1,-2,-2,2,2,0,2,4,-2,-2,-2,-2,-2,-2,-2,-2,-2,-2,-2,-2,-2,-2,-2,-2,-2,-2,-2,-2,-2,-2,-2,-2,-2,-2,-2,-2,-2,0,0,0,0,0,0,0,0,0,0,0,0,0,0,0,0,0,0,0,0,0,0,0,0,0,0,0,0,0,0,0,0,0,0,0,0,0,0,0,0,0,0,0,0,0,0,0,0,0,0,1,5,0,-2,0,-2,4,0,-2,1,2,1,0,-2,0,-2,1,4,5,1,1,22,3,1,0,3,0,-2,-2,-2,-2,-2,-2,-2,-2,-2,-2,-2,-2,-2,-2,-2,0,-2,-2,-2,-2,-2,-2,-2,-2,-2,-2,-2,-2,1,13,3,1,-2,-2,-2,0,0,0,0,0,0,0,0,0,0,0,0,0,0,0,0,0,0,0,0,0,0,0,0,0,0,0,0,0,0,0,0,0,0,0,0,0,0,0,0,0,0,0,0,0,0,0,0,0,1,1,3,1,3,2,1,1,0,-2,1,5,1,2,2,2,2,1,0,1,0,0,1,0,0,0,0,5,-2,5,-2,2,2,1,0,0,0,0,0,0,0,0,0,1,-2,1,-2,-2,-2,-2,-2,-2,-2,-2,-2,-2,-2,-2,-2,-2,-2,-2,-2,0,0,-2,-2,-2,-2,-2,-2,-2,-2,-2,-2,-2,-2,-2,-2,-2,-2,-2,-2,-2,-2,-2,-2,0,0,-2,-2,0,0,1,0,0,0,-2,-2,1,3,2,0,0,0,0,0,0,0,0,0,0,0,0,0,0,0,0,0,0,0,0,0,0,0,0,0,0,0,0,0,0,0,0,0,0,0,0,0,0,0,0,0,0,0,0,0,0,0,0,0,0,0,0,0,0,0,0,0,0,0,0,0,0,0,0,0,0,0,0,0,0,0,0,0,0,0,0,0,0,0,0,0,0,0,0,0,0,0,0,0,0,0,0,0,0,0,0,0,0,1,-2,-2,-2,3,5,1,3,-2,0,-2,0,0,0,0,-2,0,-2,0,0,-2,0,-2,0,-2,0,0,0,-2,-2,-2,0,-2,0,-2,-2,4,1,1,1,1,1,70,60,65,0,-2,0,0,0,0,0,0,0,0,0,0,0,0,0,0,0,0,0,0,0,0,0,0,0,0,0,0,0,0,0,0,0,0,1,1,5,0,1,3,0,-2,-2,-2,-2,-2,-2,0,0,0,0,0,0,0,0,0,0,0,0,1,-2,-2,1,-2,0,0,1,3,-2,0,-2,4,3,1,1,1,1,75,80,75,-2,-2,-2,-2,-2,-2,-2,3,2,0,0,-2,0,0,0,0,0,0,0,0,0,0,0,0,0,0,0,0,0,0,0,0,0,0,0,0,0,0,0,-2,-2,-2,-2,0,-2,0,-2,1,1,1,1,-2,-2,-2,1,0,-2,1,1,10,1,3,-2,-2,1,0,-2,-2,-2,3,0,-2,-2,-2,0,-2,-2,-2,0,0,0,0,0,0,0,0,0,0,0,0,0,0,0,0,0,0,0,0,0,1,0,0,0,1,0,0,0,0,0,0,0,1,0,1,1,1,1,0,0,0,0,0,0,0,0,0,0,0,0,0,0,0,0,0,0,0,0,0,0,0,0,0,0,0,0,0,0,0,-2,1,1,1,1,1,-2,-2,-2,-2,-2,-2,-2,-2,-2,-2,-2,-2,-2,-2,-2,-2,-2,-2,-2,-2,-2.00,0,0,0,0,0,0,0,0,0,0,0,0,0,0,0,0,0,0,0,0,0,0,0,0,0,0,0,0,1,1,0,0,1,2,1,62,-2,-2,-2,-2,-2,-2,-2,-2,-2,-2,-2,-2,-2,0,0,0,-2,0,1,0,0,0,0,0,7,0,0,0,0,0,0,0,0,0,0,0,0,0,0,0,0,0,0,0,0,0,0,0,0,0,0,0,0,0,0,0,0,0,0,0,0,0,0,0,0,0,809,809,809,0,809,0,0,0,0,0,0,0,6335,1272.84,890.00,882.45,499.41,2790.31,21615,4342.91,3036.66,3010.90,1703.99,9520.53,718,144.26,100.87,100.02,56.60,316.25,0,0.00,0.00,0.00,0,0.00,0.00,0.00,0,0.00,0.00,0.00,0,0.00,0.00,0.00,0,0.00,0.00,0.00,0,0.00,0.00,0.00,0,0.00,0.000,0.000,0,0.00,0.00,0.00,0,0.00,0.00,0.00,0,0,0,0,0,0.00,0,0.00,0,0.00,0,0.00,0,0.00,21615,4343,3037,3011,1704,9521,718,144,101,100,57,316,1,1,0,-2,-2,-2,-2,-2,-2,-2,-2,-2,"3A",460,214,1502,0.40,10,63,28,94
00015,4,8,23,5,14249.90,5789,1122,4876,1328,1,3,"METRO","U",2,1,1985,5,8,-2,-2,-2,3,90,1,-2,1,1,-2,-2,-2,1,0,1,1,-2,-2,-2,-2,-2,-2,-2,-2,-2,-2,-2,-2,-2,-2,-2,-2,-2,-2,-2,-2,-2,-2,-2,-2,-2,-2,-2,-2,-2,-2,0,0,0,0,0,0,0,0,0,0,0,0,0,0,0,0,0,0,0,0,0,0,0,0,0,0,0,0,0,0,0,0,0,0,0,0,0,0,0,0,0,0,0,0,0,0,0,0,0,1,5,0,-2,0,-2,2,0,-2,1,2,1,0,-2,0,-2,0,2,5,0,1,22,3,2,0,3,0,-2,-2,-2,-2,-2,-2,-2,-2,-2,-2,-2,-2,-2,-2,-2,0,-2,-2,-2,-2,-2,-2,-2,-2,-2,-2,-2,-2,1,13,3,0,-2,-2,-2,0,0,0,0,0,0,0,0,0,0,0,0,0,0,0,0,0,0,0,0,0,0,0,0,0,0,0,0,0,0,0,0,0,0,0,0,0,0,0,0,0,0,0,0,0,0,0,0,1,0,-2,-2,-2,-2,-2,-2,-2,-2,-2,0,-2,-2,-2,1,2,1,0,-2,0,0,0,1,0,0,0,0,3,-2,3,-2,-2,-2,-2,-2,-2,-2,-2,-2,-2,-2,-2,-2,-2,-2,-2,-2,-2,-2,-2,-2,-2,-2,-2,-2,-2,-2,-2,-2,-2,-2,-2,-2,0,0,-2,-2,-2,-2,-2,-2,-2,-2,-2,-2,-2,-2,-2,-2,-2,-2,-2,-2,-2,-2,-2,-2,0,0,-2,0,0,0,0,1,0,1,2,0,0,-2,-2,0,0,0,0,0,0,0,0,0,0,0,0,0,0,0,0,0,0,0,0,0,0,0,0,0,0,0,0,0,0,0,0,0,0,0,0,0,0,0,0,0,0,0,0,0,0,0,0,0,0,0,0,0,0,0,0,0,0,0,0,0,0,0,0,0,0,0,0,0,0,0,0,0,0,0,0,0,0,0,0,0,0,0,0,0,0,0,0,0,0,0,0,0,0,0,0,0,0,1,-2,-2,-2,3,1,0,2,-9,-2,-2,1,0,0,0,-2,0,-2,0,0,-2,0,-2,0,-2,0,0,0,-2,-2,-2,0,-2,0,-2,-2,1,1,1,0,-2,-2,72,72,72,0,-2,0,0,0,0,0,0,1,1,0,0,0,0,0,0,0,0,0,0,0,0,0,0,0,0,0,0,0,0,0,0,0,0,1,1,1,1,1,42,0,-2,-2,-2,-2,-2,-2,0,1,0,0,0,1,1,1,0,0,0,0,1,-2,-2,1,-2,0,1,0,2,-9,-2,-2,1,3,1,0,-2,-2,72,72,72,-2,-2,-2,-2,-2,-2,-2,0,-2,0,0,-2,0,0,0,0,0,0,0,1,1,0,0,0,0,0,0,0,0,0,0,0,0,0,0,0,0,0,0,-2,-2,-2,-2,0,-2,1,1,0,-2,1,1,-2,-2,-2,0,-2,-2,0,0,10,2,3,-2,-2,2,0,-2,-2,-2,3,0,-2,-2,-2,0,-2,-2,-2,0,0,0,0,0,0,0,0,0,0,0,0,0,0,0,0,0,0,0,0,0,0,0,0,0,1,1,0,0,0,0,0,0,0,0,1,0,1,1,1,0,1,0,0,0,0,0,0,0,0,0,0,0,0,0,0,0,0,0,0,0,0,0,0,0,0,0,0,0,0,-2,-2,-2,2,2,2,-2,2,2,-2,-2,-2,-2,-2,-2,-2,-2,-2,-2,-2,-2,-2,-2,-2,-2,-2,-2.00,0,0,0,0,0,0,0,0,0,0,0,0,0,0,0,0,0,0,0,0,0,0,0,0,0,0,0,0,2,0,0,0,1,3,1,85,-2,-2,-2,-2,-2,-2,-2,-2,-2,-2,-2,-2,-2,0,0,0,-2,0,0,1,0,0,0,0,10,0,0,0,0,0,0,0,0,0,0,0,0,0,0,0,0,0,0,0,0,0,0,0,0,0,0,0,0,0,0,0,0,0,0,0,0,0,0,0,0,0,411,411,411,0,411,0,0,0,0,0,0,0,4031,0.00,557.75,0.00,1133.51,2339.73,13754,0.00,1903.09,0.00,3867.61,7983.30,342,0.00,47.32,0.00,96.17,198.51,383,333.48,49.52,0.00,39258,34182.39,5075.61,0.00,342,297.78,44.22,0.00,0,0.00,0.00,0.00,0,0.00,0.00,0.00,0,0.00,0.00,0.00,0,0.00,0.000,0.000,0,0.00,0.00,0.00,0,0.00,0.00,0.00,0,0,0,0,0,0.00,0,0.00,0,0.00,0,0.00,0,0.00,53012,34182,1903,5076,3868,7983,684,298,47,44,96,199,3,5,3,3,5,3,-2,-2,-2,-2,-2,-2,"5B-5C",2572,85,8215,0.60,0,52,13,91
00016,3,5,14,2,37518.83,4801,946,5222,895,4,3,"METRO","U",1,-2,1993,6,6,-2,-2,-2,-2,-2,3,5,-2,-2,20,-2,4,2,1,5,9,1,0,0,1,1,1,2,3,1,2,3,1,0,-2,-2,-2,-2,-2,-2,-2,-2,-2,1,2,2,0,0,-2,-2,1,0,0,0,0,0,0,0,0,0,0,0,0,0,0,0,0,0,0,0,0,0,0,0,0,0,0,0,0,0,0,0,0,0,0,0,0,0,0,0,0,0,0,0,0,0,0,0,0,0,1,5,0,-2,0,-2,3,1,2,1,1,1,1,2,0,-2,0,3,5,1,2,22,4,2,0,3,0,-2,-2,-2,22,3,2,12,42,-2,-2,-2,-2,-2,-2,-2,0,-2,-2,-2,-2,-2,-2,-2,-2,-2,-2,-2,-2,1,20,2,1,1,0,-2,0,0,0,0,0,0,0,0,0,0,0,0,0,0,0,0,0,0,0,0,0,0,0,0,0,0,0,0,0,0,0,0,0,0,0,0,0,0,0,0,0,0,0,0,0,0,0,0,0,1,1,3,3,3,41,-2,-2,-2,-2,1,5,1,41,4,3,2,1,0,0,0,0,0,1,1,0,0,3,-2,5,-2,2,1,0,-2,0,0,0,0,0,0,0,0,2,-2,3,-2,1,1,1,0,0,0,0,0,0,1,0,0,1,-2,1,-2,1,3,1,1,3,0,1,1,1,3,0,1,1,1,1,0,1,1,0,0,1,0,0,3,0,0,0,-2,-2,0,0,1,1,1,2,0,2,2,0,0,0,0,0,0,0,0,0,0,0,0,0,0,0,0,0,0,0,0,0,0,0,0,0,0,0,0,0,0,0,0,0,0,0,0,0,0,0,0,0,0,0,0,0,0,0,0,0,0,0,0,0,0,0,0,0,0,0,0,0,0,0,0,0,0,0,0,0,0,0,0,0,0,0,0,0,0,0,0,0,0,0,0,0,0,0,0,0,0,0,0,0,0,0,0,0,0,0,1,-2,-2,-2,3,1,0,41,-2,-2,-2,0,0,0,0,-2,0,-2,0,0,-2,0,-2,0,-2,0,0,0,-2,-2,-2,0,-2,0,-2,-2,9,1,1,1,1,1,70,65,65,1,2,0,0,0,0,0,0,0,0,0,0,0,0,0,0,0,0,0,0,0,0,0,0,0,0,0,0,0,0,0,0,0,0,1,1,5,0,3,1,0,-2,-2,-2,-2,-2,-2,0,0,0,0,0,0,0,0,0,0,0,0,1,-2,-2,1,-2,0,0,0,2,1,0,-2,9,3,1,1,1,1,70,72,70,-2,-2,-2,-2,-2,-2,-2,0,-2,1,0,-2,0,0,0,0,0,0,0,0,0,0,0,0,0,0,0,0,0,0,0,0,0,0,0,0,0,0,0,-2,0,-2,-2,0,-2,6,3,2,2,4,2,0,-2,-2,1,0,-2,1,1,42,2,3,-2,-2,2,0,-2,-2,-2,3,1,2,0,-2,0,-2,-2,-2,0,0,0,0,0,0,0,0,0,0,0,0,0,0,0,0,0,0,0,0,0,0,0,0,0,1,1,1,0,0,0,0,0,0,0,1,1,1,1,1,0,0,0,0,0,0,0,0,1,0,0,0,0,0,0,0,0,0,0,0,0,0,0,0,0,0,0,0,0,0,-2,-2,1,1,1,1,-2,1,-2,-2,-2,-2,-2,-2,-2,-2,-2,-2,-2,-2,-2,-2,-2,-2,-2,-2,-2.00,0,0,0,0,0,0,0,0,0,0,0,0,0,0,0,0,0,0,0,0,0,0,0,0,0,0,0,0,2,1,1,0,1,5,2,57,12,-2,-2,-2,-2,-2,-2,-2,-2,-2,-2,-2,-2,1,1,0,-2,0,1,1,0,0,1,0,24,0,0,-2,-2,0,0,0,0,0,0,0,0,0,0,0,0,0,0,0,0,0,0,0,0,0,0,0,0,0,0,0,0,0,0,0,0,0,0,0,0,0,4740,4340,3680,1060,3680,1060,0,0,0,0,0,0,13020,0.00,2396.06,1797.67,1639.42,7186.86,44424,0.00,8175.31,6133.60,5593.66,24521.43,1327,0.00,244.21,183.22,167.09,732.49,563,563.00,0.00,0.00,57708,57708.00,0.00,0.00,785,785.00,0.00,0.00,0,0.00,0.00,0.00,0,0.00,0.00,0.00,0,0.00,0.00,0.00,0,0.00,0.000,0.000,0,0.00,0.00,0.00,0,0.00,0.00,0.00,0,0,0,0,0,0.00,0,0.00,0,0.00,0,0.00,0,0.00,102132,57708,8175,6134,5594,24521,2112,785,244,183,167,732,1,1,0,1,1,0,-2,-2,-2,-2,-2,-2,"4A",2109,0,4213,0.46,4,56,14,94
00017,3,5,16,2,15622.34,3423,1604,3400,1641,4,4,"MICRO","R",1,-2,1963,3,3,-2,-2,-2,-2,-2,3,5,-2,-2,10,-2,3,1,0,3,6,0,1,0,-2,-2,-2,-2,-2,-2,-2,-2,-2,1,0,-2,0,-2,-2,0,-2,-2,1,0,-2,-2,-2,-2,0,-2,-2,0,0,0,0,0,0,0,0,0,0,0,0,0,0,0,0,0,0,0,0,0,0,0,0,0,0,0,0,0,0,0,0,0,0,0,0,0,0,0,0,0,0,0,0,0,0,0,0,0,0,-2,0,-2,0,-2,-2,-2,-2,1,4,0,0,-2,0,-2,1,4,-2,0,1,3,1,1,0,2,1,1,0,-2,-2,-2,-2,-2,-2,-2,-2,-2,-2,-2,-2,-2,0,-2,-2,-2,-2,-2,-2,-2,-2,-2,-2,-2,-2,0,-2,-2,-2,-2,-2,-2,0,0,0,0,0,0,0,0,0,0,0,0,0,0,0,0,0,0,0,0,0,0,0,0,0,0,0,0,0,0,0,0,0,0,0,0,0,0,0,0,0,0,0,0,0,0,0,0,0,0,-2,-2,-2,-2,-2,-2,-2,-2,-2,0,-2,-2,-2,1,2,1,0,-2,0,0,0,0,1,0,0,0,1,-2,1,-2,-2,-2,-2,-2,-2,-2,-2,-2,-2,-2,-2,-2,-2,-2,-2,-2,-2,-2,-2,-2,-2,-2,-2,-2,-2,-2,-2,-2,-2,-2,-2,-2,0,0,-2,-2,-2,-2,-2,-2,-2,-2,-2,-2,-2,-2,-2,-2,-2,-2,-2,-2,-2,-2,-2,-2,0,0,0,-2,0,0,0,0,0,0,-2,-2,0,-2,-2,0,0,0,0,0,0,0,0,0,0,0,0,0,0,0,0,0,0,0,0,0,0,0,0,0,0,0,0,0,0,0,0,0,0,0,0,0,0,0,0,0,0,0,0,0,0,0,0,0,0,0,0,0,0,0,0,0,0,0,0,0,0,0,0,0,0,0,0,0,0,0,0,0,0,0,0,0,0,0,0,0,0,0,0,0,0,0,0,0,0,0,0,0,0,0,0,0,0,0,2,-2,-2,-2,-2,-2,-2,-2,-2,-2,-2,-2,-2,-2,-2,-2,-2,-2,-2,-2,-2,-2,-2,-2,-2,-2,-2,-2,-2,-2,-2,-2,-2,-2,-2,-2,-2,-2,-2,-2,-2,-2,-2,-2,0,-2,0,0,0,0,0,0,0,0,0,0,0,0,0,0,0,0,0,0,0,0,0,0,0,0,0,0,0,0,0,0,0,0,0,-2,-2,-2,-2,-2,-2,-2,-2,-2,-2,-2,-2,0,0,0,0,0,0,0,0,0,0,0,0,1,-2,-2,2,-2,-2,-2,-2,-2,-2,-2,-2,-2,-2,-2,-2,-2,-2,-2,-2,-2,1,5,-2,-2,-2,-2,1,0,-2,1,0,-2,0,0,0,0,0,0,0,0,0,0,0,0,0,0,0,0,0,0,0,0,0,0,0,0,0,0,0,-2,0,-2,-2,0,-2,0,-2,0,-2,1,1,0,-2,-2,1,0,-2,0,0,41,1,3,-2,-2,3,0,-2,-2,-2,2,0,-2,-2,-2,0,-2,-2,-2,0,0,0,0,0,0,0,0,0,0,0,0,0,0,0,0,0,0,0,0,0,0,0,0,0,1,0,0,0,0,0,0,0,0,0,1,0,0,1,0,0,0,0,0,0,0,0,0,0,0,0,0,0,0,0,0,0,0,0,0,0,0,0,0,0,0,0,0,0,0,-2,-2,-2,-2,-2,1,-2,-2,-2,-2,-2,-2,-2,-2,-2,-2,-2,-2,-2,-2,-2,-2,-2,-2,-2,-2,-2.00,0,0,0,0,0,0,0,0,0,0,0,0,0,0,0,0,0,0,0,0,0,0,0,0,0,0,0,0,2,0,0,0,2,1,1,46,-2,-2,-2,-2,-2,-2,-2,-2,-2,-2,-2,-2,-2,0,1,0,-2,0,0,0,0,0,0,0,1,1,1,-2,-2,1,0,0,0,0,0,0,0,0,0,0,0,0,0,0,0,0,0,0,0,0,0,0,0,0,0,0,0,0,0,0,0,0,0,0,0,0,1482,1482,0,1482,247,1235,0,0,0,0,0,0,2079,0.00,441.68,0.00,283.03,1354.29,7094,0.00,1507.10,0.00,965.77,4621.13,271,0.00,57.57,0.00,36.89,176.53,0,0.00,0.00,0.00,0,0.00,0.00,0.00,0,0.00,0.00,0.00,0,0.00,0.00,0.00,0,0.00,0.00,0.00,0,0.00,0.00,0.00,0,0.00,0.000,0.000,0,0.00,0.00,0.00,0,0.00,0.00,0.00,0,0,0,0,0,0.00,0,0.00,0,0.00,0,0.00,0,0.00,7094,0,1507,0,966,4621,271,0,58,0,37,177,1,1,0,-2,-2,-2,-2,-2,-2,-2,-2,-2,"3A",1101,17,2142,0.45,8,62,25,95
00018,1,2,3,4,7553.73,4860,845,4764,1130,4,3,"METRO","U",2,-2,1940,1,8,1,-2,-2,-2,-2,6,8,0,1,-2,-2,1,1,0,2,3,1,0,0,0,-2,0,-2,-2,0,-2,-2,0,0,-2,-2,-2,-2,-2,-2,-2,-2,-2,-2,-2,-2,-2,-2,-2,-2,0,0,0,1,0,0,0,0,0,0,0,0,1,0,0,0,0,0,0,0,0,0,0,0,0,0,0,0,0,0,0,0,0,0,0,0,0,0,0,0,0,0,0,0,0,0,0,0,0,0,1,1,0,-2,0,-2,0,0,-2,1,3,0,0,-2,0,-2,0,3,1,0,1,22,4,2,0,3,1,-2,-2,-2,-2,-2,-2,-2,-2,-2,-2,-2,-2,-2,-2,-2,0,-2,-2,-2,-2,-2,-2,-2,-2,-2,-2,-2,-2,0,-2,-2,-2,-2,-2,-2,0,0,0,0,0,0,0,0,0,0,0,0,0,0,0,0,0,0,0,0,0,0,0,0,0,0,0,0,0,0,0,0,0,0,0,0,0,0,0,0,0,0,0,0,0,0,0,0,0,0,-2,-2,-2,-2,-2,-2,-2,-2,-2,0,-2,-2,-2,0,-2,-2,-2,-2,-2,-2,-2,-2,-2,-2,-2,-2,-2,-2,-2,-2,-2,-2,-2,-2,-2,-2,-2,-2,-2,-2,-2,-2,-2,-2,-2,-2,-2,-2,-2,-2,-2,-2,-2,-2,-2,-2,-2,-2,-2,-2,-2,-2,1,2,2,-2,3,1,-2,2,-2,2,1,-2,-2,-2,-2,-2,-2,1,0,0,1,0,1,1,0,0,-2,0,-2,0,0,1,1,0,-2,-2,1,2,0,0,0,0,0,0,0,0,0,0,0,0,0,0,0,0,0,0,0,0,0,0,0,0,0,0,0,0,0,0,0,0,0,0,0,0,0,0,0,0,0,0,0,0,0,0,0,0,0,0,0,0,0,0,0,0,0,0,0,0,0,0,0,0,0,0,0,0,0,0,0,0,0,0,0,0,0,0,0,0,0,0,0,0,0,0,0,0,0,0,0,0,0,0,0,0,0,0,0,1,-2,-2,-2,2,1,0,41,-2,-2,-2,1,0,0,0,-2,0,-2,0,0,-2,0,-2,0,-2,0,0,0,-2,-2,-2,0,-2,0,-2,-2,3,0,-2,-2,-2,-2,70,65,66,0,-2,0,0,0,0,0,0,1,1,0,0,0,0,0,0,0,0,0,0,0,0,0,0,0,0,0,0,0,0,0,0,0,0,1,1,1,1,3,42,0,-2,-2,-2,-2,-2,-2,0,0,0,0,0,0,1,0,0,0,0,0,0,1,2,-2,-2,-2,-2,-2,-2,-2,-2,-2,-2,-2,-2,-2,-2,-2,-2,-2,-2,-2,-2,-2,-2,-2,-2,-2,2,1,1,0,-2,0,0,0,0,0,0,0,0,0,0,0,0,0,0,0,0,0,0,0,0,0,0,0,0,0,0,0,-2,-2,-2,-2,0,-2,0,-2,3,3,1,1,-2,-2,-2,1,0,-2,0,0,41,2,3,-2,-2,1,0,-2,-2,-2,4,0,-2,-2,-2,0,-2,-2,-2,0,0,0,0,0,0,0,0,0,0,0,0,0,0,0,0,0,0,0,0,0,0,0,0,0,1,1,0,0,0,0,0,0,0,0,0,0,0,1,1,0,1,1,0,0,0,0,0,0,0,0,0,0,0,0,0,0,0,0,0,0,0,0,0,0,0,0,0,0,0,-2,-2,-2,-2,-2,2,-2,2,2,2,-2,-2,-2,-2,-2,-2,-2,-2,-2,-2,-2,-2,-2,-2,-2,-2,-2.00,0,0,0,0,0,0,0,0,0,0,0,0,0,0,0,0,0,0,0,0,0,0,0,0,0,0,0,0,2,1,1,0,1,5,2,48,9,-2,-2,-2,-2,-2,-2,-2,-2,-2,-2,-2,-2,0,0,0,-2,0,1,0,0,0,0,0,17,0,0,0,0,0,0,0,0,0,0,0,0,0,0,0,0,0,0,0,0,0,0,0,0,0,0,0,0,0,0,0,0,0,0,0,0,0,1,0,0,0,592,592,592,0,0,592,1,1,1,1,1,1,2477,0.00,0.00,0.00,1093.25,1383.76,8452,0.00,0.00,0.00,3730.36,4721.64,425,0.00,0.00,0.00,187.58,237.42,701,516.54,120.65,63.81,71853,52946.00,12366.48,6540.52,1049,772.97,180.54,95.49,0,0.00,0.00,0.00,0,0.00,0.00,0.00,0,0.00,0.00,0.00,0,0.00,0.000,0.000,0,0.00,0.00,0.00,0,0.00,0.00,0.00,0,0,0,0,0,0.00,0,0.00,0,0.00,0,0.00,0,0.00,80305,52946,0,12366,3730,11262,1474,773,0,181,188,333,3,5,3,3,5,3,-2,-2,-2,-2,-2,-2,"4A",1845,11,4288,0.60,5,54,12,85